ID,ticket_number,date,time,Item,Quantity,unit_price,Total
898,150265,1/3/2021,10:41:00 AM,BAGUETTE,1,0.9,0.9
2558,150738,1/5/2021,7:00:00 PM,SPECIAL BREAD,1,2.4,2.4
2559,150738,1/5/2021,7:00:00 PM,DIVERS PATISSERIE,1,6,6
2560,150738,1/5/2021,7:00:00 PM,DIVERS BOULANGERIE,1,2,2
3269,150941,1/8/2021,11:58:00 AM,COUPE,1,0.15,0.15
3270,150941,1/8/2021,11:58:00 AM,BOULE 400G,1,1.5,1.5
3271,150941,1/8/2021,11:58:00 AM,CROISSANT,4,1.1,4.4
3272,150941,1/8/2021,11:58:00 AM,PAIN AU CHOCOLAT,2,1.2,2.4
4092,151163,1/9/2021,1:23:00 PM,FORMULE SANDWICH,1,6.5,6.5
4524,151280,1/10/2021,11:43:00 AM,VIK BREAD,1,2.5,2.5
4525,151280,1/10/2021,11:43:00 AM,COUPE,1,0.15,0.15
5224,151476,1/11/2021,12:31:00 PM,FORMULE SANDWICH,1,6.5,6.5
7704,152169,1/17/2021,11:39:00 AM,CEREAL BAGUETTE,1,1.25,1.25
7705,152169,1/17/2021,11:39:00 AM,BAGUETTE GRAINE,1,1.3,1.3
7873,152216,1/17/2021,12:22:00 PM,TRADITIONAL BAGUETTE,1,1.2,1.2
8166,152296,1/18/2021,9:33:00 AM,SAND JB EMMENTAL,1,3.5,3.5
8860,152495,1/19/2021,12:01:00 PM,CEREAL BAGUETTE,2,1.25,2.5
8861,152495,1/19/2021,12:01:00 PM,BAGUETTE,1,0.9,0.9
10143,152858,1/23/2021,9:44:00 AM,TRADITIONAL BAGUETTE,3,1.2,3.6
10584,152978,1/23/2021,5:52:00 PM,FICELLE,1,0.6,0.6
10585,152978,1/23/2021,5:52:00 PM,FINANCIER X5,2,3,6
10586,152978,1/23/2021,5:52:00 PM,COUPE,1,0.15,0.15
10587,152978,1/23/2021,5:52:00 PM,DIVERS VIENNOISERIE,1,6,6
11695,153270,1/25/2021,1:54:00 PM,SAND JB EMMENTAL,1,3.5,3.5
11696,153270,1/25/2021,1:54:00 PM,SANDWICH COMPLET,1,4.5,4.5
11908,153327,1/26/2021,10:05:00 AM,QUIM BREAD,1,1,1
11909,153327,1/26/2021,10:05:00 AM,COOKIE,1,1,1
11938,153335,1/26/2021,10:41:00 AM,PAIN CHOCO AMANDES,1,1.5,1.5
11939,153335,1/26/2021,10:41:00 AM,TRADITIONAL BAGUETTE,3,1.2,3.6
12046,153366,1/26/2021,11:56:00 AM,COUPE,1,0.15,0.15
12047,153366,1/26/2021,11:56:00 AM,PAIN AU CHOCOLAT,1,1.2,1.2
12048,153366,1/26/2021,11:56:00 AM,CROISSANT,1,1.1,1.1
12049,153366,1/26/2021,11:56:00 AM,FINANCIER X5,1,3,3
12050,153366,1/26/2021,11:56:00 AM,COOKIE,6,1,6
12051,153366,1/26/2021,11:56:00 AM,SPECIAL BREAD,1,2.4,2.4
12069,153370,1/26/2021,11:58:00 AM,COUPE,1,0.15,0.15
12070,153370,1/26/2021,11:58:00 AM,BOULE 400G,1,1.5,1.5
12102,153380,1/26/2021,12:14:00 PM,BANETTE,1,1.05,1.05
12272,153428,1/26/2021,5:30:00 PM,FICELLE,2,0.6,1.2
12649,153538,1/28/2021,12:53:00 PM,SANDWICH COMPLET,1,4.5,4.5
12650,153538,1/28/2021,12:53:00 PM,BOISSON 33CL,1,1.5,1.5
14863,154134,2/1/2021,12:53:00 PM,FORMULE SANDWICH,2,6.5,13
16590,154619,2/6/2021,8:58:00 AM,PAIN CHOCO AMANDES,2,1.5,3
16591,154619,2/6/2021,8:58:00 AM,TARTELETTE,2,2,4
17063,154742,2/6/2021,1:55:00 PM,DIVERS VIENNOISERIE,1,3,3
17064,154742,2/6/2021,1:55:00 PM,DIVERS VIENNOISERIE,1,1.2,1.2
17089,154749,2/6/2021,5:19:00 PM,DIVERS VIENNOISERIE,1,6,6
17853,154952,2/7/2021,1:12:00 PM,TRADITIONAL BAGUETTE,1,1.2,1.2
18470,155128,2/9/2021,9:28:00 AM,COUPE,1,0.15,0.15
18471,155128,2/9/2021,9:28:00 AM,BOULE 400G,1,1.5,1.5
18842,155227,2/9/2021,1:41:00 PM,FORMULE SANDWICH,1,6.5,6.5
20256,155609,2/13/2021,12:48:00 PM,TRADITIONAL BAGUETTE,1,1.2,1.2
20257,155609,2/13/2021,12:48:00 PM,PAIN BANETTE,1,1.4,1.4
20472,155662,2/14/2021,9:27:00 AM,BANETTE,2,1.05,2.1
21009,155793,2/14/2021,12:14:00 PM,GRAND FAR BRETON,1,7,7
21010,155793,2/14/2021,12:14:00 PM,BANETTE,1,1.05,1.05
23614,156518,2/20/2021,10:27:00 AM,TRADITIONAL BAGUETTE,2,1.2,2.4
23998,156622,2/20/2021,12:58:00 PM,TRADITIONAL BAGUETTE,2,1.2,2.4
24288,156704,2/21/2021,9:18:00 AM,TRADITIONAL BAGUETTE,1,1.2,1.2
24575,156771,2/21/2021,10:50:00 AM,CROISSANT,1,1.1,1.1
26248,157215,2/23/2021,9:25:00 AM,CROISSANT,1,1.1,1.1
26249,157215,2/23/2021,9:25:00 AM,PAIN CHOCO AMANDES,2,1.5,3
26250,157215,2/23/2021,9:25:00 AM,CROISSANT AMANDES,3,1.4,4.2
26251,157215,2/23/2021,9:25:00 AM,PAIN AU CHOCOLAT,1,1.2,1.2
26543,157294,2/23/2021,11:42:00 AM,BANETTE,1,1.05,1.05
26726,157347,2/23/2021,12:37:00 PM,BAGUETTE,1,0.9,0.9
28437,157810,2/26/2021,12:36:00 PM,BRIOCHE,2,5,10
28675,157873,2/26/2021,1:54:00 PM,TRADITIONAL BAGUETTE,1,1.2,1.2
29343,158042,2/27/2021,11:51:00 AM,PAIN BANETTE,1,1.4,1.4
29500,158082,2/27/2021,12:22:00 PM,TRADITIONAL BAGUETTE,5,1.2,6
29501,158082,2/27/2021,12:22:00 PM,BAGUETTE,1,0.9,0.9
29700,158133,2/27/2021,1:10:00 PM,TRADITIONAL BAGUETTE,1,1.2,1.2
29701,158133,2/27/2021,1:10:00 PM,SAND JB EMMENTAL,1,3.5,3.5
29702,158133,2/27/2021,1:10:00 PM,BOISSON 33CL,2,1.5,3
29703,158133,2/27/2021,1:10:00 PM,DIVERS VIENNOISERIE,1,2.4,2.4
29860,158179,2/27/2021,5:19:00 PM,TRADITIONAL BAGUETTE,2,1.2,2.4
29861,158179,2/27/2021,5:19:00 PM,MILLES FEUILLES,1,2,2
30912,158443,2/28/2021,11:50:00 AM,TRADITIONAL BAGUETTE,2,1.2,2.4
31768,158676,3/1/2021,11:09:00 AM,CEREAL BAGUETTE,4,1.25,5
32088,158765,3/1/2021,1:10:00 PM,SANDWICH COMPLET,1,4.5,4.5
32089,158765,3/1/2021,1:10:00 PM,TRADITIONAL BAGUETTE,1,1.2,1.2
32578,158900,3/2/2021,11:20:00 AM,DIVERS SANDWICHS,1,0.25,0.25
33127,159053,3/2/2021,5:11:00 PM,KOUIGN AMANN,1,2.1,2.1
33128,159053,3/2/2021,5:11:00 PM,TRADITIONAL BAGUETTE,1,1.2,1.2
33129,159053,3/2/2021,5:11:00 PM,CHAUSSON AUX POMMES,1,1.4,1.4
33289,159095,3/4/2021,9:32:00 AM,BOULE 400G,1,1.5,1.5
33290,159095,3/4/2021,9:32:00 AM,TRADITIONAL BAGUETTE,1,1.2,1.2
33291,159095,3/4/2021,9:32:00 AM,COUPE,1,0.15,0.15
33445,159140,3/4/2021,10:58:00 AM,BAGUETTE,1,0.9,0.9
33556,159171,3/4/2021,11:45:00 AM,BAGUETTE,1,0.9,0.9
33557,159171,3/4/2021,11:45:00 AM,BANETTE,2,1.05,2.1
33991,159291,3/4/2021,5:20:00 PM,TARTELETTE,2,2,4
33992,159291,3/4/2021,5:20:00 PM,BOULE 200G,1,1.1,1.1
33993,159291,3/4/2021,5:20:00 PM,COUPE,1,0.15,0.15
33994,159291,3/4/2021,5:20:00 PM,NANTAIS,1,2.5,2.5
33995,159291,3/4/2021,5:20:00 PM,CROISSANT,1,1.1,1.1
34020,159296,3/4/2021,5:31:00 PM,GACHE,1,5,5
34021,159296,3/4/2021,5:31:00 PM,TRADITIONAL BAGUETTE,1,1.2,1.2
34273,159361,3/5/2021,10:25:00 AM,FORMULE SANDWICH,1,6.5,6.5
34783,159492,3/5/2021,1:10:00 PM,BOULE 200G,1,1.1,1.1
34784,159492,3/5/2021,1:10:00 PM,COUPE,1,0.15,0.15
34843,159509,3/5/2021,1:34:00 PM,CEREAL BAGUETTE,5,1.25,6.25
34964,159542,3/5/2021,6:29:00 PM,CEREAL BAGUETTE,3,1.25,3.75
34974,159545,3/5/2021,6:32:00 PM,FORMULE SANDWICH,2,6.5,13
34975,159545,3/5/2021,6:32:00 PM,DIVERS VIENNOISERIE,1,4.75,4.75
34982,159547,3/5/2021,6:33:00 PM,FORMULE SANDWICH,2,6.5,13
34983,159547,3/5/2021,6:33:00 PM,DIVERS VIENNOISERIE,1,4.75,4.75
35780,159760,3/6/2021,1:39:00 PM,MOISSON,1,2,2
35781,159760,3/6/2021,1:39:00 PM,COUPE,1,0.15,0.15
37117,160104,3/8/2021,9:26:00 AM,TRADITIONAL BAGUETTE,6,1.2,7.2
38451,160474,3/11/2021,9:38:00 AM,CROISSANT,1,1.1,1.1
38452,160474,3/11/2021,9:38:00 AM,PAIN AU CHOCOLAT,2,1.2,2.4
38520,160493,3/11/2021,10:18:00 AM,COUPE,1,0.15,0.15
38521,160493,3/11/2021,10:18:00 AM,BOULE 200G,1,1.1,1.1
38618,160518,3/11/2021,11:12:00 AM,SAND JB EMMENTAL,1,3.5,3.5
38619,160518,3/11/2021,11:12:00 AM,TRIANGLES,1,2.5,2.5
39538,160769,3/12/2021,12:58:00 PM,COUPE,1,0.15,0.15
39539,160769,3/12/2021,12:58:00 PM,VIK BREAD,1,2.5,2.5
39714,160817,3/12/2021,5:26:00 PM,TRADITIONAL BAGUETTE,2,1.2,2.4
40055,160906,3/13/2021,11:03:00 AM,TRADITIONAL BAGUETTE,1,1.2,1.2
40213,160950,3/13/2021,12:03:00 PM,PAIN AU CHOCOLAT,2,1.2,2.4
40587,161049,3/13/2021,6:00:00 PM,TRADITIONAL BAGUETTE,1,1.2,1.2
40588,161049,3/13/2021,6:00:00 PM,TARTELETTE,2,2,4
41489,161280,3/14/2021,12:27:00 PM,TRADITIONAL BAGUETTE,2,1.2,2.4
41490,161280,3/14/2021,12:27:00 PM,BANETTINE,1,0.6,0.6
42260,161496,3/15/2021,1:45:00 PM,SAND JB EMMENTAL,1,3.5,3.5
42261,161496,3/15/2021,1:45:00 PM,TRADITIONAL BAGUETTE,2,1.2,2.4
43199,161757,3/18/2021,8:46:00 AM,BAGUETTE,2,0.9,1.8
43200,161757,3/18/2021,8:46:00 AM,PAIN AU CHOCOLAT,1,1.2,1.2
43483,161836,3/18/2021,12:28:00 PM,TRADITIONAL BAGUETTE,2,1.2,2.4
43552,161856,3/18/2021,1:02:00 PM,FORMULE SANDWICH,1,6.5,6.5
43885,161951,3/19/2021,10:23:00 AM,TRADITIONAL BAGUETTE,3,1.2,3.6
44108,162011,3/19/2021,12:49:00 PM,FORMULE SANDWICH,2,6.5,13
44961,162238,3/20/2021,1:09:00 PM,BANETTE,2,1.05,2.1
46516,162645,3/22/2021,12:44:00 PM,SANDWICH COMPLET,1,4.5,4.5
48153,163110,3/26/2021,10:22:00 AM,CEREAL BAGUETTE,2,1.25,2.5
48154,163110,3/26/2021,10:22:00 AM,CROISSANT,2,1.1,2.2
48274,163142,3/26/2021,11:31:00 AM,COUPE,1,0.15,0.15
48275,163142,3/26/2021,11:31:00 AM,COMPLET,1,1.5,1.5
48276,163142,3/26/2021,11:31:00 AM,SACHET DE CROUTON,1,1.6,1.6
48731,163271,3/26/2021,7:41:00 PM,PAIN AU CHOCOLAT,5,1.2,6
49193,163397,3/27/2021,12:44:00 PM,BANETTE,1,1.05,1.05
50354,163700,3/29/2021,7:38:00 AM,TRADITIONAL BAGUETTE,1,1.2,1.2
50355,163700,3/29/2021,7:38:00 AM,PAIN AU CHOCOLAT,2,1.2,2.4
51293,163963,3/30/2021,10:46:00 AM,TRADITIONAL BAGUETTE,2,1.2,2.4
52411,164282,4/2/2021,8:31:00 AM,FORMULE SANDWICH,1,6.5,6.5
53158,164490,4/3/2021,8:09:00 AM,TRADITIONAL BAGUETTE,4,1.2,4.8
54391,164817,4/4/2021,9:10:00 AM,SPECIAL BREAD KG,1,4.8,4.8
54392,164817,4/4/2021,9:10:00 AM,CROISSANT,5,1.1,5.5
54393,164817,4/4/2021,9:10:00 AM,KOUIGN AMANN,1,2.1,2.1
54394,164817,4/4/2021,9:10:00 AM,PAIN CHOCO AMANDES,1,1.5,1.5
54395,164817,4/4/2021,9:10:00 AM,PAIN AU CHOCOLAT,5,1.2,6
54396,164817,4/4/2021,9:10:00 AM,CEREAL BAGUETTE,4,1.25,5
55381,165069,4/4/2021,11:53:00 AM,ECLAIR,1,2,2
55382,165069,4/4/2021,11:53:00 AM,TARTELETTE FRAISE,2,3,6
55899,165200,4/5/2021,10:02:00 AM,BANETTE,2,1.05,2.1
56297,165306,4/5/2021,11:24:00 AM,SPECIAL BREAD,2,2.4,4.8
56298,165306,4/5/2021,11:24:00 AM,COUPE,2,0.15,0.3
56299,165306,4/5/2021,11:24:00 AM,TRADITIONAL BAGUETTE,1,1.2,1.2
56707,165419,4/6/2021,9:13:00 AM,TRADITIONAL BAGUETTE,1,1.2,1.2
57080,165527,4/6/2021,12:23:00 PM,FORMULE SANDWICH,1,6.5,6.5
57081,165527,4/6/2021,12:23:00 PM,SAND JB EMMENTAL,1,3.5,3.5
57123,165539,4/6/2021,12:38:00 PM,FORMULE SANDWICH,3,6.5,19.5
57267,165577,4/6/2021,5:14:00 PM,TRADITIONAL BAGUETTE,4,1.2,4.8
58054,165798,4/9/2021,7:57:00 AM,PAIN AU CHOCOLAT,2,1.2,2.4
58055,165798,4/9/2021,7:57:00 AM,TRADITIONAL BAGUETTE,1,1.2,1.2
58076,165805,4/9/2021,8:21:00 AM,CROISSANT,2,1.1,2.2
58274,165862,4/9/2021,10:41:00 AM,PARIS BREST,3,2,6
58778,166000,4/10/2021,8:35:00 AM,PAIN AU CHOCOLAT,1,1.2,1.2
58779,166000,4/10/2021,8:35:00 AM,PAIN AU CHOCOLAT,2,1.2,2.4
58780,166000,4/10/2021,8:35:00 AM,CROISSANT,1,1.1,1.1
59873,166285,4/11/2021,10:24:00 AM,BAGUETTE GRAINE,2,1.3,2.6
59874,166285,4/11/2021,10:24:00 AM,TRADITIONAL BAGUETTE,2,1.2,2.4
59986,166314,4/11/2021,10:45:00 AM,TRADITIONAL BAGUETTE,3,1.2,3.6
60059,166334,4/11/2021,10:58:00 AM,COUPE,1,0.15,0.15
60060,166334,4/11/2021,10:58:00 AM,VIK BREAD,1,2.5,2.5
60393,166423,4/11/2021,12:16:00 PM,TRADITIONAL BAGUETTE,2,1.2,2.4
60878,166557,4/12/2021,11:27:00 AM,TRADITIONAL BAGUETTE,1,1.2,1.2
60960,166579,4/12/2021,12:07:00 PM,DIVERS SANDWICHS,1,5,5
60961,166579,4/12/2021,12:07:00 PM,FORMULE SANDWICH,2,6.5,13
61144,166632,4/12/2021,4:16:00 PM,NANTAIS,1,2.5,2.5
61145,166632,4/12/2021,4:16:00 PM,CROISSANT,1,1.1,1.1
61146,166632,4/12/2021,4:16:00 PM,TRADITIONAL BAGUETTE,1,1.2,1.2
61611,166760,4/13/2021,10:42:00 AM,TRADITIONAL BAGUETTE,2,1.2,2.4
62269,166948,4/14/2021,10:11:00 AM,TRADITIONAL BAGUETTE,1,1.2,1.2
62621,167048,4/14/2021,1:13:00 PM,BANETTE,2,1.05,2.1
63466,167291,4/15/2021,6:38:00 PM,CEREAL BAGUETTE,1,1.25,1.25
63635,167336,4/16/2021,9:27:00 AM,SPECIAL BREAD,1,2.4,2.4
63636,167336,4/16/2021,9:27:00 AM,COUPE,1,0.15,0.15
63909,167410,4/16/2021,11:54:00 AM,FORMULE SANDWICH,1,6.5,6.5
64737,167633,4/17/2021,11:34:00 AM,BAGUETTE,1,0.9,0.9
64738,167633,4/17/2021,11:34:00 AM,TRADITIONAL BAGUETTE,2,1.2,2.4
65266,167768,4/18/2021,8:38:00 AM,TRADITIONAL BAGUETTE,2,1.2,2.4
65686,167875,4/18/2021,10:17:00 AM,SPECIAL BREAD,1,2.4,2.4
65687,167875,4/18/2021,10:17:00 AM,COUPE,1,0.15,0.15
65790,167903,4/18/2021,10:36:00 AM,BAGUETTE,1,0.9,0.9
66513,168099,4/19/2021,9:16:00 AM,CEREAL BAGUETTE,3,1.25,3.75
66608,168126,4/19/2021,10:10:00 AM,TRADITIONAL BAGUETTE,2,1.2,2.4
66767,168169,4/19/2021,11:08:00 AM,CEREAL BAGUETTE,1,1.25,1.25
66768,168169,4/19/2021,11:08:00 AM,BAGUETTE,1,0.9,0.9
66819,168185,4/19/2021,11:38:00 AM,BAGUETTE,2,0.9,1.8
66993,168238,4/19/2021,12:26:00 PM,BAGUETTE,5,0.9,4.5
67030,168249,4/19/2021,12:45:00 PM,CAFE OU EAU,1,1,1
67031,168249,4/19/2021,12:45:00 PM,QUIM BREAD,1,1,1
67032,168249,4/19/2021,12:45:00 PM,SAND JB EMMENTAL,1,3.5,3.5
67128,168276,4/20/2021,8:03:00 AM,CHAUSSON AUX POMMES,1,1.4,1.4
67129,168276,4/20/2021,8:03:00 AM,PAIN AUX RAISINS,1,1.4,1.4
67130,168276,4/20/2021,8:03:00 AM,CAFE OU EAU,1,1,1
67478,168375,4/20/2021,11:03:00 AM,BAGUETTE,1,0.9,0.9
67602,168410,4/20/2021,11:30:00 AM,TRADITIONAL BAGUETTE,9,1.2,10.8
67734,168447,4/20/2021,12:17:00 PM,BANETTE,2,1.05,2.1
68048,168537,4/21/2021,7:41:00 AM,BAGUETTE,1,0.9,0.9
72853,169844,4/26/2021,12:13:00 PM,VIK BREAD,1,2.5,2.5
72854,169844,4/26/2021,12:13:00 PM,BOULE 400G,1,1.5,1.5
74784,170400,4/29/2021,12:01:00 PM,BANETTE,1,1.05,1.05
75954,170723,5/1/2021,9:04:00 AM,PAIN BANETTE,2,1.4,2.8
76291,170809,5/1/2021,10:53:00 AM,CAMPAGNE,1,1.8,1.8
78541,171407,5/3/2021,4:37:00 PM,TRADITIONAL BAGUETTE,1,1.2,1.2
78553,171411,5/3/2021,4:49:00 PM,TRADITIONAL BAGUETTE,1,1.2,1.2
79177,171582,5/4/2021,12:22:00 PM,CEREAL BAGUETTE,1,1.25,1.25
79178,171582,5/4/2021,12:22:00 PM,TRADITIONAL BAGUETTE,1,1.2,1.2
81312,172183,5/7/2021,11:44:00 AM,FICELLE,1,0.6,0.6
81828,172318,5/8/2021,8:59:00 AM,BAGUETTE,1,0.9,0.9
82595,172522,5/8/2021,12:08:00 PM,BANETTE,1,1.05,1.05
82859,172585,5/9/2021,8:35:00 AM,TRADITIONAL BAGUETTE,3,1.2,3.6
84961,173154,5/11/2021,9:28:00 AM,BANETTE,1,1.05,1.05
85177,173218,5/11/2021,11:13:00 AM,BOULE 200G,2,1.1,2.2
85178,173218,5/11/2021,11:13:00 AM,COUPE,1,0.15,0.15
85179,173218,5/11/2021,11:13:00 AM,VIK BREAD,1,2.5,2.5
85576,173331,5/12/2021,7:50:00 AM,TRADITIONAL BAGUETTE,1,1.2,1.2
86191,173498,5/12/2021,12:11:00 PM,TRADITIONAL BAGUETTE,2,1.2,2.4
88281,174021,5/14/2021,9:57:00 AM,BAGUETTE GRAINE,1,1.3,1.3
88282,174021,5/14/2021,9:57:00 AM,TRADITIONAL BAGUETTE,3,1.2,3.6
88338,174035,5/14/2021,10:07:00 AM,CEREAL BAGUETTE,3,1.25,3.75
88339,174035,5/14/2021,10:07:00 AM,MOISSON,1,2,2
88340,174035,5/14/2021,10:07:00 AM,COUPE,1,0.15,0.15
88341,174035,5/14/2021,10:07:00 AM,TRADITIONAL BAGUETTE,4,1.2,4.8
88696,174129,5/14/2021,11:15:00 AM,BAGUETTE,1,0.9,0.9
90662,174646,5/15/2021,4:21:00 PM,BAGUETTE,1,0.9,0.9
93612,175393,5/22/2021,1:42:00 PM,TRADITIONAL BAGUETTE,2,1.2,2.4
93983,175484,5/23/2021,8:50:00 AM,BAGUETTE GRAINE,1,1.3,1.3
93984,175484,5/23/2021,8:50:00 AM,TRADITIONAL BAGUETTE,13,1.2,15.6
93985,175484,5/23/2021,8:50:00 AM,CROISSANT,12,1.1,13.2
94468,175608,5/23/2021,10:40:00 AM,BAGUETTE GRAINE,1,1.3,1.3
94469,175608,5/23/2021,10:40:00 AM,CEREAL BAGUETTE,2,1.25,2.5
94561,175632,5/23/2021,10:54:00 AM,FICELLE,1,0.6,0.6
94562,175632,5/23/2021,10:54:00 AM,TRADITIONAL BAGUETTE,2,1.2,2.4
100610,177252,5/30/2021,10:29:00 AM,TRADITIONAL BAGUETTE,1,1.2,1.2
101709,177555,5/31/2021,12:40:00 PM,SANDWICH COMPLET,1,4.5,4.5
101710,177555,5/31/2021,12:40:00 PM,BAGUETTE,1,0.9,0.9
104287,178280,6/4/2021,12:07:00 PM,TRADITIONAL BAGUETTE,10,1.2,12
105076,178493,6/5/2021,10:54:00 AM,CROISSANT AMANDES,3,1.4,4.2
108828,179505,6/10/2021,9:25:00 AM,CAFE OU EAU,2,1,2
108829,179505,6/10/2021,9:25:00 AM,COUPE,1,0.15,0.15
108830,179505,6/10/2021,9:25:00 AM,BOULE 200G,1,1.1,1.1
110378,179932,6/12/2021,9:58:00 AM,CAFE OU EAU,200,1,200
110553,179980,6/12/2021,10:57:00 AM,CAFE OU EAU,1,1,1
112992,180639,6/15/2021,8:01:00 AM,PAIN AU CHOCOLAT,2,1.2,2.4
114236,180987,6/16/2021,12:48:00 PM,FLAN,2,2,4
114237,180987,6/16/2021,12:48:00 PM,TRADITIONAL BAGUETTE,1,1.2,1.2
115427,181328,6/18/2021,12:14:00 PM,FORMULE SANDWICH,1,6.5,6.5
115431,181329,6/18/2021,12:14:00 PM,FORMULE SANDWICH,2,6.5,13
117137,181774,6/20/2021,10:17:00 AM,PAIN AUX RAISINS,1,1.4,1.4
117138,181774,6/20/2021,10:17:00 AM,TRADITIONAL BAGUETTE,2,1.2,2.4
117139,181774,6/20/2021,10:17:00 AM,PAIN AU CHOCOLAT,1,1.2,1.2
117140,181774,6/20/2021,10:17:00 AM,CROISSANT,2,1.1,2.2
124972,183920,6/29/2021,12:19:00 PM,FORMULE SANDWICH,1,6.5,6.5
125108,183959,6/29/2021,4:37:00 PM,BANETTE,1,1.05,1.05
125312,184014,6/30/2021,9:13:00 AM,SPECIAL BREAD,1,2.4,2.4
125313,184014,6/30/2021,9:13:00 AM,TRADITIONAL BAGUETTE,2,1.2,2.4
126719,184413,7/1/2021,6:33:00 PM,TRADITIONAL BAGUETTE,1,1.2,1.2
127741,184691,7/3/2021,9:54:00 AM,TRADITIONAL BAGUETTE,4,1.2,4.8
128153,184803,7/3/2021,12:32:00 PM,GRAND FAR BRETON,1,7,7
128154,184803,7/3/2021,12:32:00 PM,COUPE,1,0.15,0.15
128155,184803,7/3/2021,12:32:00 PM,COMPLET,1,1.5,1.5
128156,184803,7/3/2021,12:32:00 PM,TRADITIONAL BAGUETTE,2,1.2,2.4
130204,185340,7/5/2021,12:01:00 PM,CEREAL BAGUETTE,2,1.25,2.5
134044,186388,7/9/2021,6:21:00 PM,BANETTE,1,1.05,1.05
135266,186707,7/10/2021,6:50:00 PM,BANETTE,1,1.05,1.05
135267,186707,7/10/2021,6:50:00 PM,COMPLET,1,1.5,1.5
138290,187488,7/12/2021,7:01:00 PM,TRADITIONAL BAGUETTE,2,1.2,2.4
138406,187519,7/13/2021,8:26:00 AM,SANDWICH COMPLET,1,4.5,4.5
138407,187519,7/13/2021,8:26:00 AM,DIVERS BOISSONS,1,2,2
138408,187519,7/13/2021,8:26:00 AM,CAFE OU EAU,1,1,1
138409,187519,7/13/2021,8:26:00 AM,BOISSON 33CL,1,1.5,1.5
138928,187656,7/13/2021,11:23:00 AM,CROISSANT,2,1.1,2.2
138929,187656,7/13/2021,11:23:00 AM,BAGUETTE,1,0.9,0.9
141059,188219,7/15/2021,8:17:00 AM,BAGUETTE,1,0.9,0.9
141060,188219,7/15/2021,8:17:00 AM,TRADITIONAL BAGUETTE,1,1.2,1.2
142016,188474,7/15/2021,12:51:00 PM,BAGUETTE,1,0.9,0.9
142017,188474,7/15/2021,12:51:00 PM,FICELLE,1,0.6,0.6
143243,188811,7/16/2021,12:37:00 PM,COUPE,1,0.15,0.15
143244,188811,7/16/2021,12:37:00 PM,SPECIAL BREAD,1,2.4,2.4
143245,188811,7/16/2021,12:37:00 PM,PAIN BANETTE,1,1.4,1.4
151819,191099,7/23/2021,8:41:00 AM,DIVERS BOULANGERIE,1,5,5
152740,191345,7/23/2021,4:31:00 PM,TARTE FRAISE 6P,2,18,36
152741,191345,7/23/2021,4:31:00 PM,GRAND FAR BRETON,1,7,7
154038,191695,7/24/2021,12:33:00 PM,BANETTE,1,1.05,1.05
154107,191712,7/24/2021,1:06:00 PM,BANETTE,2,1.05,2.1
155994,192197,7/26/2021,8:05:00 AM,BANETTE,1,1.05,1.05
156164,192244,7/26/2021,9:02:00 AM,FICELLE,1,0.6,0.6
156165,192244,7/26/2021,9:02:00 AM,CEREAL BAGUETTE,1,1.25,1.25
157787,192681,7/27/2021,10:28:00 AM,BOULE 400G,1,1.5,1.5
157788,192681,7/27/2021,10:28:00 AM,COUPE,1,0.15,0.15
158270,192811,7/27/2021,12:12:00 PM,SAND JB EMMENTAL,2,3.5,7
160334,193376,7/29/2021,10:31:00 AM,TRADITIONAL BAGUETTE,2,1.2,2.4
160335,193376,7/29/2021,10:31:00 AM,GD KOUIGN AMANN,1,7.5,7.5
161079,193587,7/29/2021,6:36:00 PM,BANETTE,1,1.05,1.05
161963,193827,7/30/2021,12:14:00 PM,TRADITIONAL BAGUETTE,2,1.2,2.4
163468,194224,7/31/2021,4:19:00 PM,GD KOUIGN AMANN,1,7.5,7.5
163469,194224,7/31/2021,4:19:00 PM,TRADITIONAL BAGUETTE,1,1.2,1.2
163707,194288,7/31/2021,6:43:00 PM,BAGUETTE,3,0.9,2.7
163776,194308,8/1/2021,7:23:00 AM,BANETTINE,1,0.6,0.6
163777,194308,8/1/2021,7:23:00 AM,CROISSANT,2,1.1,2.2
168260,195479,8/4/2021,8:56:00 AM,TRADITIONAL BAGUETTE,1,1.2,1.2
169349,195773,8/4/2021,6:57:00 PM,BANETTE,2,1.05,2.1
170679,196124,8/5/2021,6:51:00 PM,NANTAIS,1,5,5
170680,196124,8/5/2021,6:51:00 PM,CEREAL BAGUETTE,2,1.25,2.5
170681,196124,8/5/2021,6:51:00 PM,PT NANTAIS,2,3,6
171739,196409,8/6/2021,4:24:00 PM,PAIN BANETTE,1,1.4,1.4
172038,196486,8/7/2021,7:52:00 AM,CROISSANT,2,1.1,2.2
172039,196486,8/7/2021,7:52:00 AM,BANETTE,2,1.05,2.1
180091,198626,8/12/2021,10:11:00 AM,BANETTE,1,1.05,1.05
181077,198899,8/12/2021,6:19:00 PM,TRADITIONAL BAGUETTE,3,1.2,3.6
182577,199303,8/14/2021,7:47:00 AM,COUPE,2,0.15,0.3
182578,199303,8/14/2021,7:47:00 AM,VIK BREAD,1,2.5,2.5
182579,199303,8/14/2021,7:47:00 AM,TRADITIONAL BAGUETTE,1,1.2,1.2
182580,199303,8/14/2021,7:47:00 AM,MOISSON,1,2,2
184871,199887,8/15/2021,10:00:00 AM,FORMULE SANDWICH,2,6.5,13
184872,199887,8/15/2021,10:00:00 AM,TRADITIONAL BAGUETTE,2,1.2,2.4
185191,199962,8/15/2021,10:39:00 AM,TRADITIONAL BAGUETTE,2,1.2,2.4
185192,199962,8/15/2021,10:39:00 AM,COUPE,1,0.15,0.15
185193,199962,8/15/2021,10:39:00 AM,GD KOUIGN AMANN,4,7.5,30
185194,199962,8/15/2021,10:39:00 AM,MOISSON,1,2,2
185195,199962,8/15/2021,10:39:00 AM,GRAND FAR BRETON,1,7,7
185373,200006,8/15/2021,11:00:00 AM,BOULE 400G,1,1.5,1.5
185374,200006,8/15/2021,11:00:00 AM,BANETTE,1,1.05,1.05
185375,200006,8/15/2021,11:00:00 AM,COUPE,1,0.15,0.15
185376,200006,8/15/2021,11:00:00 AM,TRADITIONAL BAGUETTE,2,1.2,2.4
185648,200080,8/15/2021,11:40:00 AM,TRADITIONAL BAGUETTE,1,1.2,1.2
185649,200080,8/15/2021,11:40:00 AM,GRAND FAR BRETON,1,7,7
186736,200371,8/16/2021,11:03:00 AM,BANETTE,1,1.05,1.05
190381,201360,8/18/2021,6:32:00 PM,TRADITIONAL BAGUETTE,2,1.2,2.4
190799,201467,8/19/2021,9:48:00 AM,BOULE 400G,1,1.5,1.5
190800,201467,8/19/2021,9:48:00 AM,PAIN S/SEL,1,1.5,1.5
191220,201585,8/19/2021,11:29:00 AM,TRADITIONAL BAGUETTE,3,1.2,3.6
192846,202030,8/20/2021,4:08:00 PM,VIK BREAD,1,2.5,2.5
196049,202862,8/22/2021,12:23:00 PM,VIK BREAD,1,2.5,2.5
196050,202862,8/22/2021,12:23:00 PM,COUPE,1,0.15,0.15
196051,202862,8/22/2021,12:23:00 PM,TRADITIONAL BAGUETTE,1,1.2,1.2
198604,203548,8/24/2021,12:52:00 PM,TRADITIONAL BAGUETTE,2,1.2,2.4
198820,203608,8/24/2021,6:43:00 PM,TRADITIONAL BAGUETTE,5,1.2,6
200063,203946,8/26/2021,7:14:00 AM,SANDWICH COMPLET,1,4.5,4.5
200069,203948,8/26/2021,7:15:00 AM,FORMULE SANDWICH,1,6.5,6.5
200135,203963,8/26/2021,8:08:00 AM,BANETTE,1,1.05,1.05
200136,203963,8/26/2021,8:08:00 AM,CROISSANT,1,1.1,1.1
200137,203963,8/26/2021,8:08:00 AM,BAGUETTE,1,0.9,0.9
200461,204045,8/26/2021,9:57:00 AM,SAND JB EMMENTAL,2,3.5,7
200534,204064,8/26/2021,10:12:00 AM,BAGUETTE,2,0.9,1.8
200535,204064,8/26/2021,10:12:00 AM,TRADITIONAL BAGUETTE,3,1.2,3.6
203141,204769,8/28/2021,11:35:00 AM,COOKIE,1,1,1
203142,204769,8/28/2021,11:35:00 AM,BAGUETTE GRAINE,1,1.3,1.3
203525,204871,8/28/2021,1:22:00 PM,TRADITIONAL BAGUETTE,1,1.2,1.2
203526,204871,8/28/2021,1:22:00 PM,ECLAIR,1,2,2
203527,204871,8/28/2021,1:22:00 PM,TRAITEUR,1,6.5,6.5
203547,204877,8/28/2021,1:30:00 PM,TRADITIONAL BAGUETTE,1,1.2,1.2
203548,204877,8/28/2021,1:30:00 PM,ECLAIR,1,2,2
206215,205581,8/30/2021,5:57:00 PM,BANETTE,1,1.05,1.05
209898,206598,9/4/2021,9:47:00 AM,PAIN CHOCO AMANDES,2,1.5,3
210147,206665,9/4/2021,11:01:00 AM,TRADITIONAL BAGUETTE,3,1.2,3.6
213691,207625,9/8/2021,11:21:00 AM,COUPE,1,0.15,0.15
213692,207625,9/8/2021,11:21:00 AM,PAIN S/SEL,1,1.5,1.5
224348,210561,9/21/2021,5:52:00 PM,TRADITIONAL BAGUETTE,2,1.2,2.4
224349,210561,9/21/2021,5:52:00 PM,COUPE,1,0.15,0.15
224350,210561,9/21/2021,5:52:00 PM,MOISSON,1,2,2
225281,210822,9/24/2021,10:04:00 AM,TRADITIONAL BAGUETTE,1,1.2,1.2
226438,211141,9/25/2021,12:06:00 PM,TRADITIONAL BAGUETTE,1,1.2,1.2
226439,211141,9/25/2021,12:06:00 PM,BANETTE,1,1.05,1.05
228118,211595,9/27/2021,5:55:00 PM,TRADITIONAL BAGUETTE,3,1.2,3.6
228119,211595,9/27/2021,5:55:00 PM,SEIGLE,1,1.8,1.8
229769,212070,9/30/2021,4:14:00 PM,TRADITIONAL BAGUETTE,1,1.2,1.2
229770,212070,9/30/2021,4:14:00 PM,BANETTINE,1,0.6,0.6
229854,212095,9/30/2021,6:23:00 PM,TRADITIONAL BAGUETTE,1,1.2,1.2
233535,213110,10/6/2021,4:49:00 PM,BAGUETTE,1,0.9,0.9
235416,213610,10/9/2021,11:35:00 AM,TRADITIONAL BAGUETTE,2,1.2,2.4
237156,214081,10/11/2021,12:33:00 PM,NANTAIS,1,5,5
237229,214103,10/11/2021,4:31:00 PM,COUPE,1,0.15,0.15
237230,214103,10/11/2021,4:31:00 PM,BOULE 400G,1,1.5,1.5
238491,214464,10/14/2021,11:49:00 AM,TRAITEUR,1,6,6
238492,214464,10/14/2021,11:49:00 AM,BOISSON 33CL,1,1.5,1.5
238855,214565,10/15/2021,10:24:00 AM,CROISSANT AMANDES,2,1.4,2.8
238856,214565,10/15/2021,10:24:00 AM,CROISSANT,17,1.1,18.7
238857,214565,10/15/2021,10:24:00 AM,PAIN AU CHOCOLAT,18,1.2,21.6
239093,214635,10/15/2021,4:15:00 PM,FORMULE SANDWICH,1,6.5,6.5
239428,214725,10/16/2021,10:37:00 AM,TRADITIONAL BAGUETTE,1,1.2,1.2
242380,215542,10/21/2021,8:23:00 AM,COMPLET,1,1.5,1.5
242381,215542,10/21/2021,8:23:00 AM,SEIGLE,1,1.8,1.8
245425,216359,10/25/2021,8:24:00 AM,CROISSANT,4,1.1,4.4
245426,216359,10/25/2021,8:24:00 AM,PAIN AU CHOCOLAT,2,1.2,2.4
245427,216359,10/25/2021,8:24:00 AM,TRADITIONAL BAGUETTE,1,1.2,1.2
247123,216832,10/27/2021,9:13:00 AM,PAIN BANETTE,1,1.4,1.4
247530,216941,10/27/2021,12:18:00 PM,PAIN AU CHOCOLAT,1,1.2,1.2
247531,216941,10/27/2021,12:18:00 PM,TRADITIONAL BAGUETTE,2,1.2,2.4
247532,216941,10/27/2021,12:18:00 PM,PAIN BANETTE,1,1.4,1.4
248152,217115,10/28/2021,11:19:00 AM,COUPE,2,0.15,0.3
248153,217115,10/28/2021,11:19:00 AM,BOULE 400G,2,1.5,3
248413,217186,10/28/2021,12:31:00 PM,TRADITIONAL BAGUETTE,2,1.2,2.4
250462,217735,10/31/2021,8:50:00 AM,TRADITIONAL BAGUETTE,1,1.2,1.2
250463,217735,10/31/2021,8:50:00 AM,CROISSANT,2,1.1,2.2
250464,217735,10/31/2021,8:50:00 AM,FICELLE,1,0.6,0.6
251196,217908,10/31/2021,11:43:00 AM,SPECIAL BREAD,1,2.4,2.4
251197,217908,10/31/2021,11:43:00 AM,TRADITIONAL BAGUETTE,3,1.2,3.6
252201,218172,11/1/2021,11:44:00 AM,TRADITIONAL BAGUETTE,1,1.2,1.2
252202,218172,11/1/2021,11:44:00 AM,BANETTE,1,1.05,1.05
252741,218308,11/2/2021,8:52:00 AM,CROISSANT,2,1.1,2.2
252742,218308,11/2/2021,8:52:00 AM,BANETTE,1,1.05,1.05
253524,218523,11/2/2021,7:57:00 PM,COUPE,1,0.15,0.15
253525,218523,11/2/2021,7:57:00 PM,TRADITIONAL BAGUETTE,1,1.2,1.2
253526,218523,11/2/2021,7:57:00 PM,TRADITIONAL BAGUETTE,1,1.2,1.2
253527,218523,11/2/2021,7:57:00 PM,BOULE 400G,2,1.5,3
253528,218523,11/2/2021,7:57:00 PM,CAMPAGNE,1,1.8,1.8
253529,218523,11/2/2021,7:57:00 PM,COUPE,2,0.15,0.3
253530,218523,11/2/2021,7:57:00 PM,PAIN AUX RAISINS,1,1.4,1.4
254266,218724,11/3/2021,7:29:00 PM,COUPE,1,0.15,0.15
254267,218724,11/3/2021,7:29:00 PM,CAMPAGNE,1,1.8,1.8
254268,218724,11/3/2021,7:29:00 PM,TRADITIONAL BAGUETTE,2,1.2,2.4
254279,218727,11/3/2021,7:43:00 PM,TRADITIONAL BAGUETTE,4,1.2,4.8
254596,218814,11/4/2021,12:11:00 PM,TRADITIONAL BAGUETTE,1,1.2,1.2
254744,218856,11/4/2021,12:55:00 PM,FORMULE SANDWICH,1,6.5,6.5
254909,218904,11/4/2021,2:02:00 PM,FORMULE SANDWICH,1,6.5,6.5
254990,218930,11/4/2021,6:32:00 PM,TRADITIONAL BAGUETTE,2,1.2,2.4
255043,218944,11/4/2021,7:18:00 PM,DIVERS VIENNOISERIE,1,6,6
255044,218944,11/4/2021,7:18:00 PM,TRADITIONAL BAGUETTE,2,1.2,2.4
255045,218944,11/4/2021,7:18:00 PM,COUPE,1,0.15,0.15
255046,218944,11/4/2021,7:18:00 PM,SEIGLE,1,1.8,1.8
255059,218947,11/4/2021,7:22:00 PM,TRADITIONAL BAGUETTE,1,1.2,1.2
255077,218953,11/4/2021,8:01:00 PM,TRADITIONAL BAGUETTE,1,1.2,1.2
255227,218995,11/5/2021,10:30:00 AM,FICELLE,1,0.6,0.6
255297,219015,11/5/2021,11:12:00 AM,TRADITIONAL BAGUETTE,3,1.2,3.6
255374,219038,11/5/2021,11:43:00 AM,TRADITIONAL BAGUETTE,1,1.2,1.2
255670,219117,11/5/2021,1:40:00 PM,TRADITIONAL BAGUETTE,1,1.2,1.2
255671,219117,11/5/2021,1:40:00 PM,BANETTE,1,1.05,1.05
255966,219196,11/6/2021,10:10:00 AM,FICELLE,1,0.6,0.6
255991,219203,11/6/2021,10:22:00 AM,COUPE,1,0.15,0.15
255992,219203,11/6/2021,10:22:00 AM,COMPLET,1,1.5,1.5
255999,219205,11/6/2021,10:22:00 AM,COUPE,1,0.15,0.15
256000,219205,11/6/2021,10:22:00 AM,COMPLET,1,1.5,1.5
256115,219232,11/6/2021,11:10:00 AM,TRADITIONAL BAGUETTE,1,1.2,1.2
256116,219232,11/6/2021,11:10:00 AM,BANETTE,1,1.05,1.05
256174,219248,11/6/2021,11:33:00 AM,TRADITIONAL BAGUETTE,1,1.2,1.2
256277,219277,11/6/2021,12:13:00 PM,TRADITIONAL BAGUETTE,1,1.2,1.2
256846,219429,11/7/2021,10:31:00 AM,ECLAIR,2,2,4
256847,219429,11/7/2021,10:31:00 AM,TRADITIONAL BAGUETTE,1,1.2,1.2
257227,219530,11/7/2021,12:31:00 PM,TRADITIONAL BAGUETTE,1,1.2,1.2
257778,219689,11/8/2021,1:50:00 PM,SAND JB EMMENTAL,1,3.5,3.5
257779,219689,11/8/2021,1:50:00 PM,SANDWICH COMPLET,1,4.5,4.5
257780,219689,11/8/2021,1:50:00 PM,COOKIE,1,1,1
257781,219689,11/8/2021,1:50:00 PM,PAIN CHOCO AMANDES,1,1.5,1.5
258595,219916,11/10/2021,11:21:00 AM,TRADITIONAL BAGUETTE,1,1.2,1.2
258795,219971,11/10/2021,1:13:00 PM,FORMULE SANDWICH,1,6.5,6.5
259362,220127,11/11/2021,11:31:00 AM,PAIN,2,1.15,2.3
259631,220198,11/11/2021,12:53:00 PM,TRADITIONAL BAGUETTE,1,1.2,1.2
259632,220198,11/11/2021,12:53:00 PM,CROISSANT,1,1.1,1.1
259710,220218,11/11/2021,1:15:00 PM,CAMPAGNE,1,1.8,1.8
259711,220218,11/11/2021,1:15:00 PM,COUPE,1,0.15,0.15
260211,220353,11/12/2021,5:01:00 PM,TRADITIONAL BAGUETTE,2,1.2,2.4
260212,220353,11/12/2021,5:01:00 PM,BANETTE,1,1.05,1.05
260468,220424,11/13/2021,9:58:00 AM,PAIN,1,1.15,1.15
260498,220433,11/13/2021,10:12:00 AM,CAFE OU EAU,2,1,2
260499,220433,11/13/2021,10:12:00 AM,CROISSANT,1,1.1,1.1
261818,220780,11/15/2021,10:06:00 AM,FICELLE,1,0.6,0.6
261854,220791,11/15/2021,10:30:00 AM,BANETTE,1,1.05,1.05
262431,220956,11/16/2021,11:43:00 AM,BANETTINE,1,0.6,0.6
262432,220956,11/16/2021,11:43:00 AM,TRADITIONAL BAGUETTE,1,1.2,1.2
262482,220970,11/16/2021,12:07:00 PM,TRADITIONAL BAGUETTE,1,1.2,1.2
262483,220970,11/16/2021,12:07:00 PM,SANDWICH COMPLET,1,4.5,4.5
262506,220977,11/16/2021,12:18:00 PM,BANETTE,1,1.05,1.05
262571,220998,11/16/2021,12:52:00 PM,BANETTE,1,1.05,1.05
262988,221120,11/18/2021,12:01:00 PM,BANETTE,2,1.05,2.1
264994,221672,11/22/2021,9:45:00 AM,TRADITIONAL BAGUETTE,1,1.2,1.2
265923,221938,11/25/2021,8:19:00 AM,BANETTINE,1,0.6,0.6
265924,221938,11/25/2021,8:19:00 AM,TRAITEUR,1,7.6,7.6
266732,222168,11/26/2021,12:56:00 PM,DIVERS SANDWICHS,1,3.5,3.5
266870,222209,11/27/2021,8:40:00 AM,FICELLE,1,0.6,0.6
266958,222231,11/27/2021,9:47:00 AM,TRADITIONAL BAGUETTE,1,1.2,1.2
266959,222231,11/27/2021,9:47:00 AM,BANETTE,1,1.05,1.05
267740,222438,11/28/2021,10:45:00 AM,SPECIAL BREAD,1,2.4,2.4
267741,222438,11/28/2021,10:45:00 AM,BANETTE,1,1.05,1.05
268214,222559,11/29/2021,10:16:00 AM,TRADITIONAL BAGUETTE,3,1.2,3.6
268237,222566,11/29/2021,10:33:00 AM,FICELLE,1,0.6,0.6
269541,222934,12/3/2021,8:12:00 AM,TRADITIONAL BAGUETTE,2,1.2,2.4
269542,222934,12/3/2021,8:12:00 AM,COUPE,1,0.15,0.15
269543,222934,12/3/2021,8:12:00 AM,SPECIAL BREAD,1,2.4,2.4
269660,222964,12/3/2021,10:12:00 AM,BAGUETTE,1,0.9,0.9
269922,223036,12/3/2021,6:14:00 PM,SEIGLE,1,1.8,1.8
269923,223036,12/3/2021,6:14:00 PM,TRADITIONAL BAGUETTE,1,1.2,1.2
270930,223306,12/5/2021,11:12:00 AM,TRADITIONAL BAGUETTE,1,1.2,1.2
270931,223306,12/5/2021,11:12:00 AM,BANETTE,1,1.05,1.05
271092,223351,12/5/2021,12:07:00 PM,TRADITIONAL BAGUETTE,1,1.2,1.2
271563,223484,12/9/2021,6:01:00 PM,BANETTE,2,1.05,2.1
271668,223512,12/10/2021,9:55:00 AM,BAGUETTE,2,0.9,1.8
271888,223573,12/10/2021,12:55:00 PM,FORMULE SANDWICH,1,6.5,6.5
272389,223707,12/11/2021,12:24:00 PM,COUPE,2,0.15,0.3
272390,223707,12/11/2021,12:24:00 PM,TRADITIONAL BAGUETTE,1,1.2,1.2
272391,223707,12/11/2021,12:24:00 PM,BOULE 200G,2,1.1,2.2
272739,223793,12/12/2021,9:50:00 AM,BANETTE,1,1.05,1.05
272740,223793,12/12/2021,9:50:00 AM,TRADITIONAL BAGUETTE,1,1.2,1.2
273143,223897,12/12/2021,11:44:00 AM,BANETTE,2,1.05,2.1
273173,223906,12/12/2021,11:51:00 AM,FICELLE,1,0.6,0.6
273652,224041,12/13/2021,12:32:00 PM,TRADITIONAL BAGUETTE,1,1.2,1.2
273653,224041,12/13/2021,12:32:00 PM,BANETTE,1,1.05,1.05
274372,224246,12/16/2021,8:44:00 AM,BAGUETTE APERO,1,4.5,4.5
274373,224246,12/16/2021,8:44:00 AM,SAND JB EMMENTAL,1,3.5,3.5
274374,224246,12/16/2021,8:44:00 AM,SANDWICH COMPLET,1,4.5,4.5
274543,224296,12/16/2021,10:59:00 AM,FICELLE,1,0.6,0.6
275891,224668,12/18/2021,4:25:00 PM,TRAITEUR,1,14,14
275892,224668,12/18/2021,4:25:00 PM,BANETTE,1,1.05,1.05
276610,224853,12/19/2021,11:49:00 AM,TRADITIONAL BAGUETTE,1,1.2,1.2
277638,225134,12/21/2021,10:59:00 AM,TRADITIONAL BAGUETTE,1,1.2,1.2
277639,225134,12/21/2021,10:59:00 AM,BANETTE,1,1.05,1.05
278493,225430,12/22/2021,4:53:00 PM,DIVERS VIENNOISERIE,1,6,6
278494,225430,12/22/2021,4:53:00 PM,PAIN BANETTE,1,1.4,1.4
279684,225733,12/24/2021,10:45:00 AM,TRADITIONAL BAGUETTE,1,1.2,1.2
280016,225807,12/24/2021,11:58:00 AM,TRADITIONAL BAGUETTE,1,1.2,1.2
280211,225852,12/24/2021,4:05:00 PM,TRADITIONAL BAGUETTE,1,1.2,1.2
280212,225852,12/24/2021,4:05:00 PM,BANETTE,1,1.05,1.05
280629,225944,12/25/2021,9:57:00 AM,TRADITIONAL BAGUETTE,2,1.2,2.4
282184,226339,12/27/2021,10:38:00 AM,TRADITIONAL BAGUETTE,1,1.2,1.2
282826,226516,12/28/2021,10:08:00 AM,BANETTE,1,1.05,1.05
282827,226516,12/28/2021,10:08:00 AM,BAGUETTE,1,0.9,0.9
284850,227062,12/31/2021,8:56:00 AM,BANETTE,1,1.05,1.05
284851,227062,12/31/2021,8:56:00 AM,TRADITIONAL BAGUETTE,1,1.2,1.2
284981,227089,12/31/2021,9:41:00 AM,TRADITIONAL BAGUETTE,1,1.2,1.2
286112,227346,1/2/2022,9:46:00 AM,TRADITIONAL BAGUETTE,1,1.2,1.2
286113,227346,1/2/2022,9:46:00 AM,CROISSANT,2,1.1,2.2
286995,227582,1/2/2022,12:36:00 PM,COUPE,1,0.15,0.15
286996,227582,1/2/2022,12:36:00 PM,BOULE 400G,1,1.5,1.5
287918,227834,1/6/2022,10:20:00 AM,TRADITIONAL BAGUETTE,1,1.2,1.2
287919,227834,1/6/2022,10:20:00 AM,BANETTE,1,1.05,1.05
288080,227879,1/6/2022,11:45:00 AM,TRADITIONAL BAGUETTE,1,1.2,1.2
288361,227957,1/7/2022,9:53:00 AM,BAGUETTE,2,0.9,1.8
288825,228090,1/8/2022,9:10:00 AM,TRADITIONAL BAGUETTE,1,1.2,1.2
288826,228090,1/8/2022,9:10:00 AM,BANETTE,1,1.05,1.05
288936,228120,1/8/2022,10:34:00 AM,TRADITIONAL BAGUETTE,1,1.2,1.2
288937,228120,1/8/2022,10:34:00 AM,BANETTE,1,1.05,1.05
288980,228133,1/8/2022,10:48:00 AM,GAL FRANGIPANE 4P,1,8,8
288981,228133,1/8/2022,10:48:00 AM,BOULE 400G,1,1.5,1.5
289765,228341,1/9/2022,11:34:00 AM,TRADITIONAL BAGUETTE,1,1.2,1.2
289766,228341,1/9/2022,11:34:00 AM,BANETTE,1,1.05,1.05
290579,228571,1/11/2022,10:42:00 AM,BAGUETTE,1,0.9,0.9
290588,228574,1/11/2022,10:43:00 AM,FICELLE,1,0.6,0.6
290682,228600,1/11/2022,11:27:00 AM,TRADITIONAL BAGUETTE,1,1.2,1.2
290781,228631,1/11/2022,12:28:00 PM,TRADITIONAL BAGUETTE,1,1.2,1.2
290782,228631,1/11/2022,12:28:00 PM,SPECIAL BREAD,1,2.4,2.4
291663,228886,1/14/2022,12:55:00 PM,FORMULE SANDWICH,1,6.5,6.5
294795,229755,1/21/2022,5:30:00 PM,BAGUETTE,1,0.9,0.9
294832,229766,1/21/2022,5:53:00 PM,TRADITIONAL BAGUETTE,2,1.2,2.4
294963,229801,1/22/2022,10:00:00 AM,PAIN,2,1.15,2.3
295097,229839,1/22/2022,11:07:00 AM,SPECIAL BREAD,1,2.4,2.4
295098,229839,1/22/2022,11:07:00 AM,BAGUETTE,1,0.9,0.9
295324,229904,1/22/2022,4:58:00 PM,TRADITIONAL BAGUETTE,1,1.2,1.2
295597,229973,1/23/2022,10:02:00 AM,SPECIAL BREAD,1,2.4,2.4
295857,230040,1/23/2022,11:19:00 AM,TRADITIONAL BAGUETTE,4,1.2,4.8
296006,230080,1/23/2022,11:53:00 AM,TRADITIONAL BAGUETTE,1,1.2,1.2
296176,230128,1/24/2022,9:39:00 AM,TRADITIONAL BAGUETTE,1,1.2,1.2
296984,230358,1/25/2022,4:17:00 PM,BANETTE,1,1.05,1.05
297787,230611,1/28/2022,10:11:00 AM,CROISSANT,2,1.1,2.2
297788,230611,1/28/2022,10:11:00 AM,TRADITIONAL BAGUETTE,2,1.2,2.4
298184,230721,1/29/2022,9:32:00 AM,TRADITIONAL BAGUETTE,1,1.2,1.2
298185,230721,1/29/2022,9:32:00 AM,BANETTE,1,1.05,1.05
298794,230885,1/30/2022,10:03:00 AM,PAIN AU CHOCOLAT,1,1.2,1.2
298795,230885,1/30/2022,10:03:00 AM,FICELLE,1,0.6,0.6
298796,230885,1/30/2022,10:03:00 AM,COOKIE,1,1,1
298797,230885,1/30/2022,10:03:00 AM,COUPE,1,0.15,0.15
299641,231112,1/31/2022,12:20:00 PM,CEREAL BAGUETTE,1,1.25,1.25
299653,231116,1/31/2022,12:22:00 PM,FORMULE SANDWICH,1,6.5,6.5
299820,231163,2/1/2022,8:38:00 AM,PAIN,1,1.15,1.15
300221,231281,2/1/2022,6:18:00 PM,TRADITIONAL BAGUETTE,2,1.2,2.4
300227,231283,2/1/2022,6:18:00 PM,TRADITIONAL BAGUETTE,2,1.2,2.4
300276,231296,2/3/2022,8:27:00 AM,CROISSANT,2,1.1,2.2
300277,231296,2/3/2022,8:27:00 AM,PAIN AU CHOCOLAT,2,1.2,2.4
300278,231296,2/3/2022,8:27:00 AM,PAIN AUX RAISINS,4,1.4,5.6
300279,231296,2/3/2022,8:27:00 AM,CROISSANT,1,1.1,1.1
300280,231296,2/3/2022,8:27:00 AM,PAIN AU CHOCOLAT,1,1.2,1.2
300281,231296,2/3/2022,8:27:00 AM,TRADITIONAL BAGUETTE,1,1.2,1.2
300293,231300,2/3/2022,8:38:00 AM,FICELLE,1,0.6,0.6
300302,231303,2/3/2022,8:40:00 AM,PAIN,2,1.15,2.3
300496,231356,2/3/2022,11:15:00 AM,TRADITIONAL BAGUETTE,1,1.2,1.2
300575,231378,2/3/2022,12:13:00 PM,TRADITIONAL BAGUETTE,2,1.2,2.4
300576,231378,2/3/2022,12:13:00 PM,PAIN AU CHOCOLAT,2,1.2,2.4
300645,231398,2/3/2022,4:01:00 PM,BANETTE,1,1.05,1.05
300752,231429,2/3/2022,6:10:00 PM,TRADITIONAL BAGUETTE,1,1.2,1.2
300845,231457,2/4/2022,9:56:00 AM,BANETTE,1,1.05,1.05
301191,231553,2/4/2022,5:17:00 PM,TRADITIONAL BAGUETTE,1,1.2,1.2
301192,231553,2/4/2022,5:17:00 PM,BANETTINE,2,0.6,1.2
301510,231639,2/5/2022,11:41:00 AM,TRADITIONAL BAGUETTE,1,1.2,1.2
301511,231639,2/5/2022,11:41:00 AM,PAIN S/SEL,1,1.5,1.5
301512,231639,2/5/2022,11:41:00 AM,CAMPAGNE,1,1.8,1.8
301819,231719,2/6/2022,8:08:00 AM,TARTELETTE,1,2,2
302566,231908,2/6/2022,1:05:00 PM,BOULE 400G,1,1.5,1.5
302567,231908,2/6/2022,1:05:00 PM,TRAITEUR,1,14,14
303162,232077,2/8/2022,8:06:00 AM,QUIM BREAD,2,1.1,2.2
303163,232077,2/8/2022,8:06:00 AM,PAIN AU CHOCOLAT,1,1.25,1.25
303582,232196,2/8/2022,1:04:00 PM,FORMULE SANDWICH,1,6.5,6.5
303606,232203,2/8/2022,4:10:00 PM,BAGUETTE,1,0.95,0.95
303746,232240,2/10/2022,9:18:00 AM,BAGUETTE,1,0.95,0.95
303840,232265,2/10/2022,10:07:00 AM,CROISSANT,1,1.15,1.15
303841,232265,2/10/2022,10:07:00 AM,PAIN AU CHOCOLAT,1,1.25,1.25
304271,232390,2/10/2022,6:30:00 PM,BAGUETTE,2,0.95,1.9
304779,232530,2/11/2022,5:55:00 PM,TRADITIONAL BAGUETTE,3,1.25,3.75
305905,232817,2/13/2022,10:49:00 AM,COMPLET,1,1.8,1.8
305906,232817,2/13/2022,10:49:00 AM,VIK BREAD,1,2.6,2.6
306236,232905,2/13/2022,12:20:00 PM,TRADITIONAL BAGUETTE,1,1.25,1.25
306237,232905,2/13/2022,12:20:00 PM,PAIN AU CHOCOLAT,1,1.25,1.25
306352,232937,2/14/2022,8:56:00 AM,PAIN,2,1.25,2.5
306703,233036,2/14/2022,11:57:00 AM,BAGUETTE,1,0.95,0.95
306717,233040,2/14/2022,12:00:00 PM,TRADITIONAL BAGUETTE,1,1.25,1.25
306718,233040,2/14/2022,12:00:00 PM,COUPE,1,0.15,0.15
306719,233040,2/14/2022,12:00:00 PM,SPECIAL BREAD,1,2.5,2.5
307078,233136,2/15/2022,8:47:00 AM,TRADITIONAL BAGUETTE,2,1.25,2.5
307084,233138,2/15/2022,8:48:00 AM,TRADITIONAL BAGUETTE,1,1.25,1.25
307276,233191,2/15/2022,10:44:00 AM,BANETTE,1,1.1,1.1
307436,233237,2/15/2022,11:50:00 AM,TRADITIONAL BAGUETTE,2,1.25,2.5
307611,233287,2/15/2022,12:52:00 PM,SANDWICH COMPLET,1,4.5,4.5
307629,233292,2/15/2022,12:59:00 PM,FORMULE SANDWICH,1,6.5,6.5
307632,233292,2/15/2022,12:59:00 PM,FORMULE SANDWICH,1,6.5,6.5
307769,233328,2/15/2022,5:41:00 PM,TRADITIONAL BAGUETTE,2,1.25,2.5
307776,233330,2/15/2022,5:41:00 PM,TRADITIONAL BAGUETTE,2,1.25,2.5
307777,233330,2/15/2022,5:41:00 PM,SACHET VIENNOISERIE,1,4,4
308125,233428,2/17/2022,11:20:00 AM,TRADITIONAL BAGUETTE,1,1.25,1.25
308311,233483,2/17/2022,12:18:00 PM,BAGUETTE,1,0.95,0.95
308583,233562,2/17/2022,6:05:00 PM,TRADITIONAL BAGUETTE,1,1.25,1.25
308912,233651,2/18/2022,11:10:00 AM,FINANCIER X5,1,3.5,3.5
308913,233651,2/18/2022,11:10:00 AM,TRADITIONAL BAGUETTE,2,1.25,2.5
311098,234230,2/20/2022,12:23:00 PM,COUPE,1,0.15,0.15
311099,234230,2/20/2022,12:23:00 PM,TARTE FRUITS 4P,1,10,10
311100,234230,2/20/2022,12:23:00 PM,BOULE 400G,1,1.6,1.6
311777,234420,2/21/2022,6:05:00 PM,COMPLET,3,1.8,5.4
311778,234420,2/21/2022,6:05:00 PM,COUPE,3,0.15,0.45
312970,234751,2/24/2022,11:48:00 AM,SPECIAL BREAD,1,2.5,2.5
312971,234751,2/24/2022,11:48:00 AM,COUPE,1,0.15,0.15
313532,234910,2/25/2022,10:35:00 AM,BAGUETTE,1,0.95,0.95
313797,234984,2/25/2022,12:16:00 PM,TARTELETTE,2,2.1,4.2
313798,234984,2/25/2022,12:16:00 PM,TRAITEUR,1,14,14
314113,235061,2/26/2022,8:26:00 AM,CROISSANT,2,1.15,2.3
314114,235061,2/26/2022,8:26:00 AM,TRADITIONAL BAGUETTE,4,1.25,5
314115,235061,2/26/2022,8:26:00 AM,PAIN AU CHOCOLAT,1,1.25,1.25
314366,235124,2/26/2022,10:28:00 AM,TRADITIONAL BAGUETTE,1,1.25,1.25
314367,235124,2/26/2022,10:28:00 AM,CROISSANT,2,1.15,2.3
314918,235271,2/26/2022,6:17:00 PM,TRADITIONAL BAGUETTE,3,1.25,3.75
315124,235322,2/27/2022,8:44:00 AM,TRADITIONAL BAGUETTE,1,1.25,1.25
315125,235322,2/27/2022,8:44:00 AM,CROISSANT,4,1.15,4.6
315268,235357,2/27/2022,9:34:00 AM,COMPLET,2,1.8,3.6
315269,235357,2/27/2022,9:34:00 AM,COUPE,2,0.15,0.3
315270,235357,2/27/2022,9:34:00 AM,GRAND FAR BRETON,1,7.5,7.5
315339,235373,2/27/2022,9:55:00 AM,BAGUETTE GRAINE,1,1.35,1.35
316150,235582,2/28/2022,7:59:00 AM,PLAT 6.50E,1,6.5,6.5
316637,235722,2/28/2022,4:18:00 PM,BAGUETTE GRAINE,1,1.35,1.35
316717,235745,2/28/2022,5:43:00 PM,SPECIAL BREAD KG,1,5,5
317234,235887,3/1/2022,11:44:00 AM,FORMULE SANDWICH,2,7,14
317385,235929,3/1/2022,12:40:00 PM,TRADITIONAL BAGUETTE,1,1.25,1.25
317391,235931,3/1/2022,12:41:00 PM,PLAT 7.00,1,7,7
317392,235931,3/1/2022,12:41:00 PM,TRADITIONAL BAGUETTE,1,1.25,1.25
317416,235937,3/1/2022,12:54:00 PM,FORMULE SANDWICH,1,7,7
317420,235938,3/1/2022,12:55:00 PM,FORMULE SANDWICH,1,7,7
317607,235991,3/1/2022,6:20:00 PM,BANETTE,1,1.1,1.1
318488,236234,3/3/2022,11:17:00 AM,TRADITIONAL BAGUETTE,1,1.25,1.25
318601,236269,3/3/2022,12:07:00 PM,FORMULE SANDWICH,1,7,7
318602,236269,3/3/2022,12:07:00 PM,CHAUSSON AUX POMMES,2,1.5,3
319225,236443,3/4/2022,11:48:00 AM,FORMULE SANDWICH,1,7,7
319335,236475,3/4/2022,12:31:00 PM,FORMULE SANDWICH,1,7,7
319808,236602,3/5/2022,10:31:00 AM,TRADITIONAL BAGUETTE,3,1.25,3.75
319809,236602,3/5/2022,10:31:00 AM,TARTELETTE,2,2.1,4.2
320074,236673,3/5/2022,11:54:00 AM,TRADITIONAL BAGUETTE,2,1.25,2.5
320155,236696,3/5/2022,12:25:00 PM,COUPE,1,0.15,0.15
320156,236696,3/5/2022,12:25:00 PM,CAMPAGNE,1,1.9,1.9
320157,236696,3/5/2022,12:25:00 PM,GRAND FAR BRETON,1,7.5,7.5
320158,236696,3/5/2022,12:25:00 PM,COUPE,1,0.15,0.15
320159,236696,3/5/2022,12:25:00 PM,VIK BREAD,1,2.6,2.6
320190,236704,3/5/2022,12:31:00 PM,BANETTE,1,1.1,1.1
321466,237038,3/7/2022,8:40:00 AM,TRADITIONAL BAGUETTE,7,1.25,8.75
321750,237120,3/7/2022,11:40:00 AM,MOISSON,2,2.1,4.2
322318,237280,3/8/2022,10:44:00 AM,TRADITIONAL BAGUETTE,1,1.25,1.25
322319,237280,3/8/2022,10:44:00 AM,SANDWICH COMPLET,1,5,5
322348,237288,3/8/2022,11:09:00 AM,TRADITIONAL BAGUETTE,1,1.25,1.25
322349,237288,3/8/2022,11:09:00 AM,BANETTE,2,1.1,2.2
322391,237300,3/8/2022,11:37:00 AM,FORMULE SANDWICH,1,7,7
322519,237339,3/8/2022,12:23:00 PM,BAGUETTE APERO,1,4.5,4.5
322520,237339,3/8/2022,12:23:00 PM,BOISSON 33CL,1,1.5,1.5
322521,237339,3/8/2022,12:23:00 PM,SAND JB EMMENTAL,1,4,4
322870,237442,3/9/2022,11:51:00 AM,FORMULE SANDWICH,1,7,7
323001,237481,3/9/2022,4:52:00 PM,CROISSANT AMANDES,1,1.5,1.5
323401,237598,3/10/2022,5:49:00 PM,TARTELETTE,4,2.1,8.4
323402,237598,3/10/2022,5:49:00 PM,ECLAIR,2,2.1,4.2
323728,237689,3/11/2022,12:22:00 PM,FORMULE SANDWICH,1,7,7
325102,238041,3/13/2022,11:50:00 AM,TRADITIONAL BAGUETTE,1,1.25,1.25
325103,238041,3/13/2022,11:50:00 AM,SPECIAL BREAD KG,1,5,5
325938,238275,3/15/2022,10:04:00 AM,TRADITIONAL BAGUETTE,1,1.25,1.25
326263,238366,3/15/2022,6:27:00 PM,TRADITIONAL BAGUETTE,1,1.25,1.25
326833,238528,3/17/2022,11:17:00 AM,CROISSANT,2,1.15,2.3
326989,238574,3/17/2022,12:58:00 PM,FORMULE SANDWICH,1,7,7
327356,238679,3/18/2022,12:21:00 PM,FORMULE SANDWICH,1,7,7
329143,239151,3/21/2022,10:38:00 AM,DIVERS BOULANGERIE,1,5,5
329391,239223,3/21/2022,12:43:00 PM,FORMULE SANDWICH,1,7,7
329392,239223,3/21/2022,12:43:00 PM,FORMULE SANDWICH,1,7,7
329396,239224,3/21/2022,12:44:00 PM,TRADITIONAL BAGUETTE,1,1.25,1.25
330052,239408,3/22/2022,6:10:00 PM,CEREAL BAGUETTE,2,1.3,2.6
330710,239596,3/24/2022,10:41:00 AM,TRADITIONAL BAGUETTE,2,1.25,2.5
330789,239620,3/24/2022,11:33:00 AM,BAGUETTE APERO,1,4.5,4.5
330900,239651,3/24/2022,12:36:00 PM,FORMULE SANDWICH,1,7,7
330901,239651,3/24/2022,12:36:00 PM,FORMULE SANDWICH,1,7,7
330903,239651,3/24/2022,12:36:00 PM,FORMULE SANDWICH,1,7,7
330908,239652,3/24/2022,12:37:00 PM,FORMULE SANDWICH,3,7,21
331053,239726,3/25/2022,7:38:00 AM,PAIN AU CHOCOLAT,5,1.25,6.25
331054,239726,3/25/2022,7:38:00 AM,CROISSANT,8,1.15,9.2
331258,239779,3/25/2022,10:51:00 AM,SANDWICH COMPLET,1,5,5
331366,239811,3/25/2022,11:59:00 AM,TRADITIONAL BAGUETTE,2,1.25,2.5
331422,239828,3/25/2022,12:14:00 PM,BANETTINE,3,0.65,1.95
331423,239828,3/25/2022,12:14:00 PM,PLAT 7.60E,1,7.6,7.6
332366,240083,3/27/2022,8:38:00 AM,PAIN BANETTE,1,1.5,1.5
334383,240630,3/30/2022,9:14:00 AM,FORMULE SANDWICH,2,7,14
334417,240640,3/30/2022,9:44:00 AM,PAIN AU CHOCOLAT,1,1.25,1.25
334418,240640,3/30/2022,9:44:00 AM,CROISSANT,1,1.15,1.15
335451,240936,4/1/2022,11:20:00 AM,FORMULE SANDWICH,1,7,7
335452,240936,4/1/2022,11:20:00 AM,BOISSON 33CL,1,1.5,1.5
336098,241104,4/2/2022,11:39:00 AM,TRADITIONAL BAGUETTE,2,1.25,2.5
336129,241111,4/2/2022,11:49:00 AM,BOISSON 33CL,1,1.5,1.5
336130,241111,4/2/2022,11:49:00 AM,TRADITIONAL BAGUETTE,2,1.25,2.5
336131,241111,4/2/2022,11:49:00 AM,TARTELETTE,1,2.1,2.1
336132,241111,4/2/2022,11:49:00 AM,ECLAIR,1,2.1,2.1
336133,241111,4/2/2022,11:49:00 AM,PARIS BREST,1,2.2,2.2
338246,241723,4/6/2022,10:52:00 AM,FORMULE SANDWICH,1,7,7
338248,241723,4/6/2022,10:52:00 AM,FORMULE SANDWICH,1,7,7
338370,241759,4/6/2022,12:17:00 PM,SANDWICH COMPLET,1,5,5
338403,241767,4/6/2022,12:29:00 PM,TRADITIONAL BAGUETTE,1,1.25,1.25
338404,241767,4/6/2022,12:29:00 PM,COUPE,1,0.15,0.15
338405,241767,4/6/2022,12:29:00 PM,BOULE 200G,1,1.15,1.15
338938,241919,4/7/2022,5:01:00 PM,COUPE,1,0.15,0.15
338939,241919,4/7/2022,5:01:00 PM,FLAN,1,2.1,2.1
338940,241919,4/7/2022,5:01:00 PM,BOULE 400G,1,1.6,1.6
338941,241919,4/7/2022,5:01:00 PM,TRADITIONAL BAGUETTE,5,1.25,6.25
338942,241919,4/7/2022,5:01:00 PM,BOULE 400G,1,1.6,1.6
338943,241919,4/7/2022,5:01:00 PM,COUPE,1,0.15,0.15
339025,241940,4/7/2022,6:49:00 PM,TRADITIONAL BAGUETTE,2,1.25,2.5
339090,241958,4/8/2022,9:18:00 AM,BANETTE,1,1.1,1.1
339099,241961,4/8/2022,9:20:00 AM,SACHET VIENNOISERIE,1,4,4
340149,242250,4/10/2022,8:32:00 AM,SANDWICH COMPLET,2,5,10
340377,242302,4/10/2022,9:55:00 AM,TRADITIONAL BAGUETTE,2,1.25,2.5
340378,242302,4/10/2022,9:55:00 AM,FRAISIER,1,3.5,3.5
341318,242558,4/11/2022,11:58:00 AM,TRAITEUR,1,15.2,15.2
341430,242590,4/11/2022,12:27:00 PM,BAGUETTE,1,0.95,0.95
342297,242832,4/13/2022,9:06:00 AM,SPECIAL BREAD,1,2.5,2.5
342298,242832,4/13/2022,9:06:00 AM,COUPE,1,0.15,0.15
342937,243017,4/14/2022,9:48:00 AM,BANETTE,1,1.1,1.1
343010,243037,4/14/2022,10:26:00 AM,BAGUETTE,1,0.95,0.95
343150,243077,4/14/2022,11:34:00 AM,TRADITIONAL BAGUETTE,1,1.25,1.25
343297,243118,4/14/2022,12:40:00 PM,TRADITIONAL BAGUETTE,2,1.25,2.5
343373,243142,4/14/2022,4:44:00 PM,PAIN AU CHOCOLAT,1,1.25,1.25
343526,243185,4/15/2022,8:11:00 AM,QUIM BREAD,1,1.1,1.1
343527,243185,4/15/2022,8:11:00 AM,TRADITIONAL BAGUETTE,2,1.25,2.5
343528,243185,4/15/2022,8:11:00 AM,CROISSANT,1,1.15,1.15
343975,243306,4/15/2022,12:05:00 PM,TRADITIONAL BAGUETTE,1,1.25,1.25
344191,243367,4/15/2022,5:29:00 PM,TRADITIONAL BAGUETTE,4,1.25,5
344192,243367,4/15/2022,5:29:00 PM,BAGUETTE,8,0.95,7.6
344374,243447,4/16/2022,8:35:00 AM,PAIN,1,1.25,1.25
344615,243504,4/16/2022,9:50:00 AM,FICELLE,1,0.65,0.65
344646,243513,4/16/2022,9:54:00 AM,TRADITIONAL BAGUETTE,1,1.25,1.25
344647,243513,4/16/2022,9:54:00 AM,BANETTE,1,1.1,1.1
344686,243522,4/16/2022,9:59:00 AM,PAIN AUX RAISINS,1,1.5,1.5
344687,243522,4/16/2022,9:59:00 AM,CROISSANT,1,1.15,1.15
344688,243522,4/16/2022,9:59:00 AM,TRADITIONAL BAGUETTE,1,1.25,1.25
344689,243522,4/16/2022,9:59:00 AM,PAIN AU CHOCOLAT,1,1.25,1.25
344820,243557,4/16/2022,10:22:00 AM,TRADITIONAL BAGUETTE,2,1.25,2.5
344998,243603,4/16/2022,11:13:00 AM,TARTE FRAISE 4PER,1,12,12
344999,243603,4/16/2022,11:13:00 AM,TARTE FRAISE 6P,1,18,18
345096,243629,4/16/2022,11:38:00 AM,TRADITIONAL BAGUETTE,2,1.25,2.5
345097,243629,4/16/2022,11:38:00 AM,ECLAIR,1,2.1,2.1
345260,243670,4/16/2022,12:25:00 PM,TRADITIONAL BAGUETTE,2,1.25,2.5
346039,243888,4/17/2022,11:20:00 AM,BAGUETTE,1,0.95,0.95
346125,243910,4/17/2022,11:32:00 AM,BANETTE,1,1.1,1.1
346126,243910,4/17/2022,11:32:00 AM,TRADITIONAL BAGUETTE,2,1.25,2.5
346175,243924,4/17/2022,11:37:00 AM,TRADITIONAL BAGUETTE,2,1.25,2.5
346222,243938,4/17/2022,11:43:00 AM,GD FAR BRETON,1,7.5,7.5
346223,243938,4/17/2022,11:43:00 AM,TRADITIONAL BAGUETTE,1,1.25,1.25
346336,243969,4/17/2022,12:06:00 PM,TRADITIONAL BAGUETTE,2,1.25,2.5
346415,243990,4/18/2022,7:58:00 AM,PAIN AU CHOCOLAT,8,1.25,10
346416,243990,4/18/2022,7:58:00 AM,CROISSANT,8,1.15,9.2
347393,244249,4/18/2022,11:27:00 AM,BANETTE,1,1.1,1.1
347438,244259,4/18/2022,11:40:00 AM,ECLAIR,1,2.1,2.1
347439,244259,4/18/2022,11:40:00 AM,PARIS BREST,1,2.2,2.2
347440,244259,4/18/2022,11:40:00 AM,FRAISIER,2,3.5,7
347441,244259,4/18/2022,11:40:00 AM,PALET BRETON,6,1.5,9
347442,244259,4/18/2022,11:40:00 AM,TRADITIONAL BAGUETTE,3,1.25,3.75
347664,244318,4/18/2022,12:30:00 PM,SAND JB EMMENTAL,2,4,8
347665,244318,4/18/2022,12:30:00 PM,BRIOCHE,1,6,6
348290,244491,4/19/2022,12:24:00 PM,SPECIAL BREAD,1,2.5,2.5
348814,244637,4/20/2022,10:48:00 AM,CEREAL BAGUETTE,1,1.3,1.3
348815,244637,4/20/2022,10:48:00 AM,FLAN ABRICOT,3,2.2,6.6
348876,244653,4/20/2022,11:05:00 AM,BANETTE,1,1.1,1.1
348877,244653,4/20/2022,11:05:00 AM,TRADITIONAL BAGUETTE,1,1.25,1.25
348933,244670,4/20/2022,11:16:00 AM,TRADITIONAL BAGUETTE,2,1.25,2.5
349005,244691,4/20/2022,11:42:00 AM,TRADITIONAL BAGUETTE,1,1.25,1.25
349006,244691,4/20/2022,11:42:00 AM,SANDWICH COMPLET,1,5,5
349021,244696,4/20/2022,11:45:00 AM,TRAITEUR,1,14,14
349058,244705,4/20/2022,11:58:00 AM,BANETTE,4,1.1,4.4
349059,244705,4/20/2022,11:58:00 AM,SPECIAL BREAD,1,2.5,2.5
349294,244770,4/20/2022,6:06:00 PM,COUPE,1,0.15,0.15
349295,244770,4/20/2022,6:06:00 PM,BOULE 400G,1,1.6,1.6
349663,244868,4/21/2022,10:05:00 AM,SPECIAL BREAD KG,1,5,5
349666,244869,4/21/2022,10:05:00 AM,TRADITIONAL BAGUETTE,2,1.25,2.5
349748,244893,4/21/2022,10:34:00 AM,BANETTE,1,1.1,1.1
349749,244893,4/21/2022,10:34:00 AM,TRADITIONAL BAGUETTE,1,1.25,1.25
350141,245003,4/21/2022,12:17:00 PM,FORMULE SANDWICH,1,7,7
350549,245119,4/22/2022,8:58:00 AM,TRADITIONAL BAGUETTE,2,1.25,2.5
350550,245119,4/22/2022,8:58:00 AM,CROISSANT,1,1.15,1.15
350609,245136,4/22/2022,9:37:00 AM,BANETTE,1,1.1,1.1
350610,245136,4/22/2022,9:37:00 AM,TRADITIONAL BAGUETTE,1,1.25,1.25
350807,245189,4/22/2022,11:22:00 AM,FORMULE SANDWICH,1,7,7
351050,245255,4/22/2022,12:27:00 PM,PAIN AU CHOCOLAT,1,1.25,1.25
351051,245255,4/22/2022,12:27:00 PM,TRADITIONAL BAGUETTE,2,1.25,2.5
351059,245257,4/22/2022,12:28:00 PM,BROWNIES,1,2.5,2.5
351060,245257,4/22/2022,12:28:00 PM,BOULE 200G,1,1.15,1.15
351061,245257,4/22/2022,12:28:00 PM,TRADITIONAL BAGUETTE,1,1.25,1.25
351260,245316,4/22/2022,7:01:00 PM,TRADITIONAL BAGUETTE,2,1.25,2.5
351272,245319,4/23/2022,7:39:00 AM,BRIOCHE,1,6,6
351273,245319,4/23/2022,7:39:00 AM,PAIN AUX RAISINS,2,1.5,3
351274,245319,4/23/2022,7:39:00 AM,BAGUETTE,1,0.95,0.95
351275,245319,4/23/2022,7:39:00 AM,PAIN AU CHOCOLAT,2,1.25,2.5
351336,245333,4/23/2022,8:13:00 AM,KOUIGN AMANN,2,2.2,4.4
351337,245333,4/23/2022,8:13:00 AM,TRADITIONAL BAGUETTE,1,1.25,1.25
351338,245333,4/23/2022,8:13:00 AM,CROISSANT,6,1.15,6.9
351770,245448,4/23/2022,11:54:00 AM,FLAN,1,2.1,2.1
351771,245448,4/23/2022,11:54:00 AM,SAND JB EMMENTAL,1,4,4
351772,245448,4/23/2022,11:54:00 AM,FORMULE SANDWICH,1,7,7
352878,245738,4/24/2022,12:41:00 PM,PAIN BANETTE,1,1.5,1.5
352879,245738,4/24/2022,12:41:00 PM,CAMPAGNE,1,1.9,1.9
353882,246028,4/26/2022,11:10:00 AM,TRADITIONAL BAGUETTE,1,1.25,1.25
353883,246028,4/26/2022,11:10:00 AM,SPECIAL BREAD,1,2.5,2.5
354104,246092,4/26/2022,12:37:00 PM,TRADITIONAL BAGUETTE,2,1.25,2.5
354620,246234,4/27/2022,11:38:00 AM,BOISSON 33CL,1,1.5,1.5
354621,246234,4/27/2022,11:38:00 AM,TRAITEUR,1,7.6,7.6
354728,246263,4/27/2022,12:05:00 PM,TRADITIONAL BAGUETTE,1,1.25,1.25
354781,246279,4/27/2022,12:23:00 PM,SAND JB EMMENTAL,1,4,4
354827,246291,4/27/2022,12:44:00 PM,SEIGLE,1,1.9,1.9
354828,246291,4/27/2022,12:44:00 PM,TRADITIONAL BAGUETTE,1,1.25,1.25
354829,246291,4/27/2022,12:44:00 PM,CROISSANT,3,1.15,3.45
354855,246300,4/27/2022,4:23:00 PM,TRADITIONAL BAGUETTE,1,1.25,1.25
354966,246330,4/27/2022,6:16:00 PM,TRADITIONAL BAGUETTE,2,1.25,2.5
355185,246389,4/28/2022,10:10:00 AM,TRADITIONAL BAGUETTE,1,1.25,1.25
355203,246393,4/28/2022,10:14:00 AM,COUPE,1,0.15,0.15
355204,246393,4/28/2022,10:14:00 AM,BANETTE,1,1.1,1.1
355205,246393,4/28/2022,10:14:00 AM,SPECIAL BREAD,1,2.5,2.5
355206,246393,4/28/2022,10:14:00 AM,MOISSON,1,2.1,2.1
355207,246393,4/28/2022,10:14:00 AM,COUPE,1,0.15,0.15
355208,246393,4/28/2022,10:14:00 AM,BAGUETTE,1,0.95,0.95
355225,246397,4/28/2022,10:16:00 AM,MOISSON,1,2.1,2.1
355658,246520,4/28/2022,5:19:00 PM,FLAN,1,2.1,2.1
356168,246660,4/29/2022,11:47:00 AM,TRADITIONAL BAGUETTE,5,1.25,6.25
356319,246704,4/29/2022,5:41:00 PM,BANETTE,1,1.1,1.1
356384,246721,4/30/2022,7:43:00 AM,CROISSANT,4,1.15,4.6
356385,246721,4/30/2022,7:43:00 AM,PAIN AU CHOCOLAT,4,1.25,5
356386,246721,4/30/2022,7:43:00 AM,TRADITIONAL BAGUETTE,2,1.25,2.5
356637,246784,4/30/2022,9:45:00 AM,MOISSON,1,2.1,2.1
356638,246784,4/30/2022,9:45:00 AM,COUPE,1,0.15,0.15
356949,246869,4/30/2022,11:21:00 AM,CEREAL BAGUETTE,1,1.3,1.3
357113,246915,4/30/2022,12:08:00 PM,TRADITIONAL BAGUETTE,3,1.25,3.75
357145,246923,4/30/2022,12:16:00 PM,BANETTE,1,1.1,1.1
357146,246923,4/30/2022,12:16:00 PM,TRADITIONAL BAGUETTE,1,1.25,1.25
358223,247202,5/1/2022,10:56:00 AM,BANETTE,2,1.1,2.2
358276,247216,5/1/2022,11:05:00 AM,BANETTE,1,1.1,1.1
358339,247231,5/1/2022,11:16:00 AM,BANETTE,1,1.1,1.1
358340,247231,5/1/2022,11:16:00 AM,TRADITIONAL BAGUETTE,1,1.25,1.25
358690,247327,5/2/2022,7:35:00 AM,PAIN AU CHOCOLAT,3,1.25,3.75
358696,247329,5/2/2022,7:35:00 AM,PAIN AU CHOCOLAT,3,1.25,3.75
358995,247414,5/2/2022,10:35:00 AM,TRADITIONAL BAGUETTE,2,1.25,2.5
359074,247437,5/2/2022,11:01:00 AM,TRADITIONAL BAGUETTE,1,1.25,1.25
359196,247472,5/2/2022,11:49:00 AM,TRADITIONAL BAGUETTE,5,1.25,6.25
359258,247490,5/2/2022,12:05:00 PM,BAGUETTE APERO,1,4.5,4.5
359267,247493,5/2/2022,12:07:00 PM,SANDWICH COMPLET,1,5,5
359561,247577,5/2/2022,6:20:00 PM,TRADITIONAL BAGUETTE,2,1.25,2.5
359911,247673,5/3/2022,11:17:00 AM,COUPE,1,0.15,0.15
359912,247673,5/3/2022,11:17:00 AM,SPECIAL BREAD,1,2.5,2.5
359913,247673,5/3/2022,11:17:00 AM,TRADITIONAL BAGUETTE,1,1.25,1.25
360212,247759,5/3/2022,5:49:00 PM,TARTELETTE,2,2.1,4.2
360213,247759,5/3/2022,5:49:00 PM,CEREAL BAGUETTE,1,1.3,1.3
360219,247761,5/3/2022,5:49:00 PM,CEREAL BAGUETTE,1,1.3,1.3
360220,247761,5/3/2022,5:49:00 PM,TARTELETTE,2,2.1,4.2
360424,247817,5/5/2022,9:49:00 AM,BOULE 400G,1,1.6,1.6
360425,247817,5/5/2022,9:49:00 AM,COUPE,1,0.15,0.15
360634,247876,5/5/2022,11:18:00 AM,TRADITIONAL BAGUETTE,1,1.25,1.25
360635,247876,5/5/2022,11:18:00 AM,FLAN,1,2.1,2.1
361471,248113,5/6/2022,11:46:00 AM,TRADITIONAL BAGUETTE,1,1.25,1.25
361472,248113,5/6/2022,11:46:00 AM,ECLAIR,1,2.1,2.1
361473,248113,5/6/2022,11:46:00 AM,FORMULE SANDWICH,1,7,7
361558,248137,5/6/2022,12:13:00 PM,TARTELETTE,2,2.1,4.2
361753,248192,5/6/2022,5:41:00 PM,TRADITIONAL BAGUETTE,1,1.25,1.25
361754,248192,5/6/2022,5:41:00 PM,MOISSON,1,2.1,2.1
361755,248192,5/6/2022,5:41:00 PM,COUPE,1,0.15,0.15
361821,248212,5/7/2022,7:38:00 AM,TRADITIONAL BAGUETTE,1,1.25,1.25
361960,248247,5/7/2022,9:08:00 AM,BANETTE,1,1.1,1.1
361961,248247,5/7/2022,9:08:00 AM,BAGUETTE,1,0.95,0.95
362627,248431,5/7/2022,6:50:00 PM,TRADITIONAL BAGUETTE,4,1.25,5
363759,248717,5/9/2022,8:30:00 AM,PAIN AU CHOCOLAT,5,1.25,6.25
363765,248719,5/9/2022,8:31:00 AM,TRADITIONAL BAGUETTE,3,1.25,3.75
363785,248725,5/9/2022,8:41:00 AM,FICELLE,1,0.65,0.65
363929,248766,5/9/2022,10:19:00 AM,PLAT 8.30E,1,8.3,8.3
363930,248766,5/9/2022,10:19:00 AM,FORMULE SANDWICH,2,7,14
364098,248814,5/9/2022,11:44:00 AM,TRADITIONAL BAGUETTE,2,1.25,2.5
364534,248939,5/10/2022,9:04:00 AM,PAIN AU CHOCOLAT,1,1.25,1.25
364593,248957,5/10/2022,9:38:00 AM,TRADITIONAL BAGUETTE,1,1.25,1.25
364594,248957,5/10/2022,9:38:00 AM,BANETTE,1,1.1,1.1
364614,248963,5/10/2022,9:49:00 AM,TRADITIONAL BAGUETTE,2,1.25,2.5
364615,248963,5/10/2022,9:49:00 AM,PAIN AU CHOCOLAT,4,1.25,5
365923,249340,5/12/2022,11:56:00 AM,TRADITIONAL BAGUETTE,1,1.25,1.25
366050,249376,5/12/2022,1:17:00 PM,TRADITIONAL BAGUETTE,1,1.25,1.25
366129,249399,5/12/2022,5:50:00 PM,SACHET VIENNOISERIE,1,4,4
366130,249399,5/12/2022,5:50:00 PM,ECLAIR,2,2.1,4.2
366131,249399,5/12/2022,5:50:00 PM,PARIS BREST,2,2.2,4.4
366132,249399,5/12/2022,5:50:00 PM,BANETTE,1,1.1,1.1
367195,249683,5/14/2022,11:07:00 AM,TRADITIONAL BAGUETTE,3,1.25,3.75
367747,249831,5/15/2022,8:33:00 AM,CROISSANT,3,1.15,3.45
367748,249831,5/15/2022,8:33:00 AM,TRADITIONAL BAGUETTE,3,1.25,3.75
368026,249898,5/15/2022,9:57:00 AM,GRAND FAR BRETON,1,7.5,7.5
368027,249898,5/15/2022,9:57:00 AM,TRADITIONAL BAGUETTE,2,1.25,2.5
368028,249898,5/15/2022,9:57:00 AM,COUPE,1,0.15,0.15
368029,249898,5/15/2022,9:57:00 AM,VIK BREAD,1,2.6,2.6
369672,250366,5/17/2022,10:44:00 AM,BANETTE,2,1.1,2.2
369748,250388,5/17/2022,11:30:00 AM,SPECIAL BREAD,1,2.5,2.5
369778,250397,5/17/2022,11:39:00 AM,FORMULE SANDWICH,1,7,7
369779,250397,5/17/2022,11:39:00 AM,FORMULE SANDWICH,1,7,7
369834,250413,5/17/2022,12:15:00 PM,BAGUETTE,2,0.95,1.9
369835,250413,5/17/2022,12:15:00 PM,FORMULE SANDWICH,1,7,7
369881,250427,5/17/2022,12:33:00 PM,FORMULE SANDWICH,1,7,7
369887,250429,5/17/2022,12:38:00 PM,TRADITIONAL BAGUETTE,6,1.25,7.5
370358,250560,5/18/2022,11:41:00 AM,FORMULE SANDWICH,1,7,7
370364,250562,5/18/2022,11:42:00 AM,TRADITIONAL BAGUETTE,2,1.25,2.5
370493,250599,5/18/2022,12:50:00 PM,TRAITEUR,1,15.2,15.2
370494,250599,5/18/2022,12:50:00 PM,FORMULE SANDWICH,1,7,7
370495,250599,5/18/2022,12:50:00 PM,TRADITIONAL BAGUETTE,1,1.25,1.25
370496,250599,5/18/2022,12:50:00 PM,BAGUETTE,1,0.95,0.95
370548,250613,5/18/2022,4:12:00 PM,TRADITIONAL BAGUETTE,2,1.25,2.5
370549,250613,5/18/2022,4:12:00 PM,BOULE 400G,1,1.6,1.6
370550,250613,5/18/2022,4:12:00 PM,PAIN S/SEL,1,1.6,1.6
370785,250677,5/19/2022,9:48:00 AM,PAIN CHOCO AMANDES,1,1.6,1.6
370786,250677,5/19/2022,9:48:00 AM,CROISSANT AMANDES,1,1.5,1.5
370803,250682,5/19/2022,9:56:00 AM,BANETTE,1,1.1,1.1
370902,250711,5/19/2022,10:56:00 AM,SANDWICH COMPLET,1,5,5
371005,250740,5/19/2022,11:42:00 AM,BAGUETTE,1,0.95,0.95
371015,250743,5/19/2022,11:44:00 AM,BAGUETTE,1,0.95,0.95
371016,250743,5/19/2022,11:44:00 AM,TRADITIONAL BAGUETTE,1,1.25,1.25
371055,250753,5/19/2022,11:56:00 AM,FORMULE SANDWICH,1,7,7
371083,250761,5/19/2022,12:05:00 PM,BOISSON 33CL,1,1.5,1.5
371084,250761,5/19/2022,12:05:00 PM,SANDWICH COMPLET,1,5,5
371110,250769,5/19/2022,12:18:00 PM,TRADITIONAL BAGUETTE,1,1.25,1.25
371111,250769,5/19/2022,12:18:00 PM,FORMULE SANDWICH,1,7,7
371128,250773,5/19/2022,12:24:00 PM,SANDWICH COMPLET,1,5,5
371528,250885,5/20/2022,10:31:00 AM,TRADITIONAL BAGUETTE,2,1.25,2.5
371529,250885,5/20/2022,10:31:00 AM,BAGUETTE,1,0.95,0.95
371635,250914,5/20/2022,11:47:00 AM,DIVERS SANDWICHS,1,0,0
371636,250914,5/20/2022,11:47:00 AM,FORMULE SANDWICH,1,7,7
371782,250956,5/20/2022,12:54:00 PM,TRADITIONAL BAGUETTE,2,1.25,2.5
372252,251081,5/21/2022,10:43:00 AM,PAIN AU CHOCOLAT,7,1.25,8.75
372253,251081,5/21/2022,10:43:00 AM,BANETTE,2,1.1,2.2
372254,251081,5/21/2022,10:43:00 AM,CROISSANT,3,1.15,3.45
372407,251125,5/21/2022,11:54:00 AM,BAGUETTE,3,0.95,2.85
373218,251340,5/22/2022,10:32:00 AM,TRADITIONAL BAGUETTE,1,1.25,1.25
373219,251340,5/22/2022,10:32:00 AM,PAIN S/SEL,1,1.6,1.6
373220,251340,5/22/2022,10:32:00 AM,SEIGLE,1,1.9,1.9
373426,251397,5/22/2022,11:20:00 AM,MOISSON,1,2.1,2.1
373427,251397,5/22/2022,11:20:00 AM,COUPE,2,0.15,0.3
373428,251397,5/22/2022,11:20:00 AM,VIK BREAD,1,2.6,2.6
373764,251486,5/23/2022,8:28:00 AM,PAIN,1,1.25,1.25
374490,251693,5/24/2022,9:20:00 AM,SAND JB EMMENTAL,1,4,4
374628,251732,5/24/2022,10:16:00 AM,BANETTE,1,1.1,1.1
375594,252004,5/25/2022,12:24:00 PM,FORMULE SANDWICH,1,7,7
375748,252049,5/25/2022,5:23:00 PM,TRADITIONAL BAGUETTE,3,1.25,3.75
375754,252051,5/25/2022,5:23:00 PM,TRADITIONAL BAGUETTE,2,1.25,2.5
375793,252062,5/25/2022,5:53:00 PM,TRADITIONAL BAGUETTE,3,1.25,3.75
376048,252124,5/26/2022,8:35:00 AM,CROISSANT,2,1.15,2.3
376049,252124,5/26/2022,8:35:00 AM,TRADITIONAL BAGUETTE,2,1.25,2.5
376050,252124,5/26/2022,8:35:00 AM,COMPLET,1,1.8,1.8
376051,252124,5/26/2022,8:35:00 AM,COUPE,1,0.15,0.15
376366,252201,5/26/2022,9:42:00 AM,TRADITIONAL BAGUETTE,1,1.25,1.25
376390,252208,5/26/2022,9:45:00 AM,BANETTE,2,1.1,2.2
376803,252311,5/26/2022,11:01:00 AM,TARTELETTE FRAISE,3,3.5,10.5
377094,252387,5/26/2022,11:45:00 AM,GD KOUIGN AMANN,1,8,8
377095,252387,5/26/2022,11:45:00 AM,TRADITIONAL BAGUETTE,1,1.25,1.25
377096,252387,5/26/2022,11:45:00 AM,ECLAIR,1,2.1,2.1
377230,252423,5/26/2022,12:19:00 PM,BAGUETTE,1,0.95,0.95
377231,252423,5/26/2022,12:19:00 PM,PAILLE,2,1.5,3
377232,252423,5/26/2022,12:19:00 PM,COOKIE,1,1.1,1.1
377233,252423,5/26/2022,12:19:00 PM,BANETTE,1,1.1,1.1
377438,252478,5/27/2022,8:16:00 AM,TRADITIONAL BAGUETTE,2,1.25,2.5
377439,252478,5/27/2022,8:16:00 AM,BANETTINE,1,0.65,0.65
377860,252580,5/27/2022,10:27:00 AM,CROISSANT,1,1.15,1.15
377861,252580,5/27/2022,10:27:00 AM,TRADITIONAL BAGUETTE,1,1.25,1.25
378085,252639,5/27/2022,11:14:00 AM,TRADITIONAL BAGUETTE,1,1.25,1.25
378086,252639,5/27/2022,11:14:00 AM,BANETTE,1,1.1,1.1
378287,252696,5/27/2022,12:04:00 PM,TARTE FRAISE 4PER,1,14,14
378288,252696,5/27/2022,12:04:00 PM,TARTE FINE,1,7,7
378289,252696,5/27/2022,12:04:00 PM,TARTE FRUITS 4P,1,10,10
378390,252721,5/27/2022,12:24:00 PM,TRADITIONAL BAGUETTE,2,1.25,2.5
378441,252734,5/27/2022,12:41:00 PM,GRAND FAR BRETON,2,7.5,15
378535,252761,5/27/2022,4:54:00 PM,TRADITIONAL BAGUETTE,1,1.25,1.25
378536,252761,5/27/2022,4:54:00 PM,COUPE,1,0.15,0.15
378537,252761,5/27/2022,4:54:00 PM,MOISSON,1,2.1,2.1
379094,252900,5/28/2022,9:13:00 AM,VIK BREAD,1,2.6,2.6
379095,252900,5/28/2022,9:13:00 AM,COUPE,1,0.15,0.15
379096,252900,5/28/2022,9:13:00 AM,PAIN AU CHOCOLAT,3,1.25,3.75
379097,252900,5/28/2022,9:13:00 AM,KOUIGN AMANN,2,2.2,4.4
379419,252988,5/28/2022,10:22:00 AM,BANETTE,2,1.1,2.2
379514,253014,5/28/2022,10:40:00 AM,BRIOCHE,1,6,6
379515,253014,5/28/2022,10:40:00 AM,TRADITIONAL BAGUETTE,10,1.25,12.5
379526,253017,5/28/2022,10:41:00 AM,TRADITIONAL BAGUETTE,1,1.25,1.25
379527,253017,5/28/2022,10:41:00 AM,BANETTE,1,1.1,1.1
380147,253193,5/28/2022,6:45:00 PM,TARTE FRUITS 4P,1,10,10
380148,253193,5/28/2022,6:45:00 PM,TARTELETTE CHOC,1,2.5,2.5
380303,253228,5/29/2022,8:13:00 AM,VIK BREAD,1,2.6,2.6
380304,253228,5/29/2022,8:13:00 AM,SPECIAL BREAD,1,2.5,2.5
380305,253228,5/29/2022,8:13:00 AM,FINANCIER X5,2,3.5,7
380306,253228,5/29/2022,8:13:00 AM,ROYAL,3,3.5,10.5
380784,253339,5/29/2022,9:29:00 AM,BANETTE,1,1.1,1.1
381729,253591,5/29/2022,12:08:00 PM,SPECIAL BREAD,1,2.5,2.5
381730,253591,5/29/2022,12:08:00 PM,BAGUETTE,1,0.95,0.95
382131,253704,5/30/2022,10:03:00 AM,SPECIAL BREAD,1,2.5,2.5
382265,253741,5/30/2022,10:48:00 AM,PAIN AU CHOCOLAT,3,1.25,3.75
382266,253741,5/30/2022,10:48:00 AM,CROISSANT,3,1.15,3.45
382267,253741,5/30/2022,10:48:00 AM,BANETTE,3,1.1,3.3
382297,253749,5/30/2022,10:56:00 AM,CEREAL BAGUETTE,1,1.3,1.3
382298,253749,5/30/2022,10:56:00 AM,BAGUETTE,1,0.95,0.95
382846,253909,5/31/2022,8:49:00 AM,FICELLE,1,0.65,0.65
382868,253916,5/31/2022,8:52:00 AM,BOULE 200G,1,1.15,1.15
382869,253916,5/31/2022,8:52:00 AM,COUPE,1,0.15,0.15
382935,253933,5/31/2022,9:33:00 AM,PAIN AU CHOCOLAT,1,1.25,1.25
382936,253933,5/31/2022,9:33:00 AM,TARTELETTE,1,2.1,2.1
382937,253933,5/31/2022,9:33:00 AM,CROISSANT,1,1.15,1.15
382998,253951,5/31/2022,10:26:00 AM,BANETTE,1,1.1,1.1
383265,254030,5/31/2022,12:07:00 PM,SANDWICH COMPLET,1,5,5
383565,254117,6/1/2022,8:52:00 AM,PAIN,1,1.25,1.25
384594,254407,6/2/2022,12:11:00 PM,CEREAL BAGUETTE,1,1.3,1.3
384680,254433,6/2/2022,1:00:00 PM,TRADITIONAL BAGUETTE,2,1.25,2.5
385433,254647,6/3/2022,5:41:00 PM,BOULE 200G,1,1.15,1.15
385434,254647,6/3/2022,5:41:00 PM,PAIN S/SEL,1,1.6,1.6
385516,254669,6/4/2022,7:57:00 AM,FINANCIER,1,0.7,0.7
385517,254669,6/4/2022,7:57:00 AM,TRADITIONAL BAGUETTE,2,1.25,2.5
385949,254780,6/4/2022,10:51:00 AM,VIK BREAD,1,2.6,2.6
385950,254780,6/4/2022,10:51:00 AM,BRIOCHE,1,6,6
385951,254780,6/4/2022,10:51:00 AM,TARTE FRUITS 4P,1,10,10
385952,254780,6/4/2022,10:51:00 AM,COUPE,1,0.15,0.15
386848,255006,6/5/2022,9:31:00 AM,TARTELETTE,4,2.1,8.4
388107,255323,6/6/2022,9:18:00 AM,PAIN AU CHOCOLAT,1,1.25,1.25
388108,255323,6/6/2022,9:18:00 AM,SPECIAL BREAD,1,2.5,2.5
388109,255323,6/6/2022,9:18:00 AM,COUPE,1,0.15,0.15
388110,255323,6/6/2022,9:18:00 AM,TRADITIONAL BAGUETTE,2,1.25,2.5
388111,255323,6/6/2022,9:18:00 AM,CROISSANT,1,1.15,1.15
388112,255323,6/6/2022,9:18:00 AM,PT NANTAIS,1,3.5,3.5
388113,255323,6/6/2022,9:18:00 AM,CROISSANT AMANDES,1,1.5,1.5
388114,255323,6/6/2022,9:18:00 AM,COOKIE,1,1.1,1.1
388286,255368,6/6/2022,9:53:00 AM,TRADITIONAL BAGUETTE,1,1.25,1.25
388921,255543,6/6/2022,11:58:00 AM,QUIM BREAD,1,1.1,1.1
389155,255608,6/7/2022,9:02:00 AM,BANETTE,1,1.1,1.1
389709,255764,6/7/2022,6:10:00 PM,BANETTE,1,1.1,1.1
389788,255786,6/8/2022,7:39:00 AM,BOULE 400G,1,1.6,1.6
389789,255786,6/8/2022,7:39:00 AM,BOULE 200G,1,1.15,1.15
389790,255786,6/8/2022,7:39:00 AM,TRADITIONAL BAGUETTE,1,1.25,1.25
389798,255788,6/8/2022,7:41:00 AM,COUPE,1,0.15,0.15
389799,255788,6/8/2022,7:41:00 AM,CAMPAGNE,1,1.9,1.9
389800,255788,6/8/2022,7:41:00 AM,BOULE 400G,1,1.6,1.6
389924,255822,6/8/2022,9:35:00 AM,PARIS BREST,1,2.2,2.2
389925,255822,6/8/2022,9:35:00 AM,MILLES FEUILLES,1,2.2,2.2
389933,255824,6/8/2022,9:36:00 AM,TRADITIONAL BAGUETTE,2,1.25,2.5
389948,255827,6/8/2022,9:42:00 AM,SPECIAL BREAD,1,2.5,2.5
389949,255827,6/8/2022,9:42:00 AM,CHAUSSON AUX POMMES,1,1.5,1.5
389950,255827,6/8/2022,9:42:00 AM,COUPE,1,0.15,0.15
389951,255827,6/8/2022,9:42:00 AM,PAIN AU CHOCOLAT,1,1.25,1.25
390205,255902,6/8/2022,11:54:00 AM,FORMULE SANDWICH,1,7,7
390282,255926,6/8/2022,12:23:00 PM,FLAN ABRICOT,1,2.2,2.2
390643,256034,6/9/2022,10:11:00 AM,SPECIAL BREAD,1,2.5,2.5
390644,256034,6/9/2022,10:11:00 AM,TRADITIONAL BAGUETTE,2,1.25,2.5
391027,256149,6/9/2022,5:05:00 PM,BOISSON 33CL,1,1.5,1.5
391028,256149,6/9/2022,5:05:00 PM,CROISSANT,2,1.15,2.3
391304,256227,6/10/2022,9:56:00 AM,BAGUETTE,2,0.95,1.9
391437,256265,6/10/2022,11:01:00 AM,BAGUETTE,1,0.95,0.95
391443,256267,6/10/2022,11:10:00 AM,TRADITIONAL BAGUETTE,1,1.25,1.25
392135,256457,6/11/2022,10:55:00 AM,BAGUETTE,2,0.95,1.9
392136,256457,6/11/2022,10:55:00 AM,COUPE,2,0.15,0.3
393757,256892,6/13/2022,9:22:00 AM,BANETTE,2,1.1,2.2
393804,256906,6/13/2022,9:46:00 AM,TRADITIONAL BAGUETTE,1,1.25,1.25
393805,256906,6/13/2022,9:46:00 AM,BANETTE,1,1.1,1.1
394030,256970,6/13/2022,11:20:00 AM,BANETTE,1,1.1,1.1
394184,257016,6/13/2022,12:25:00 PM,BAGUETTE APERO,1,4.5,4.5
394208,257023,6/13/2022,12:31:00 PM,TRADITIONAL BAGUETTE,1,1.25,1.25
394209,257023,6/13/2022,12:31:00 PM,FLAN ABRICOT,1,2.2,2.2
394449,257093,6/14/2022,8:12:00 AM,TARTELETTE,1,2.1,2.1
394450,257093,6/14/2022,8:12:00 AM,TARTELETTE FRAISE,2,3.5,7
394521,257112,6/14/2022,8:51:00 AM,FICELLE,1,0.65,0.65
394522,257112,6/14/2022,8:51:00 AM,BANETTE,1,1.1,1.1
394924,257230,6/14/2022,12:25:00 PM,BANETTE,1,1.1,1.1
395739,257473,6/15/2022,5:30:00 PM,TRADITIONAL BAGUETTE,2,1.25,2.5
395946,257534,6/16/2022,9:49:00 AM,CROISSANT,1,1.15,1.15
395947,257534,6/16/2022,9:49:00 AM,BAGUETTE APERO,1,4.5,4.5
399523,258505,6/20/2022,10:55:00 AM,FLAN,1,2.1,2.1
399524,258505,6/20/2022,10:55:00 AM,MOISSON,1,2.1,2.1
399525,258505,6/20/2022,10:55:00 AM,PAIN AU CHOCOLAT,1,1.25,1.25
399526,258505,6/20/2022,10:55:00 AM,TRADITIONAL BAGUETTE,1,1.25,1.25
399527,258505,6/20/2022,10:55:00 AM,COUPE,1,0.15,0.15
399768,258574,6/20/2022,12:28:00 PM,PLAT 7.60E,1,7.6,7.6
399789,258581,6/20/2022,12:36:00 PM,TRADITIONAL BAGUETTE,1,1.25,1.25
400513,258792,6/21/2022,4:33:00 PM,TRADITIONAL BAGUETTE,2,1.25,2.5
400524,258795,6/21/2022,4:45:00 PM,PARIS BREST,1,2.2,2.2
400525,258795,6/21/2022,4:45:00 PM,FLAN,1,2.1,2.1
400552,258802,6/21/2022,4:57:00 PM,TRADITIONAL BAGUETTE,1,1.25,1.25
400730,258854,6/22/2022,8:26:00 AM,CROISSANT,2,1.15,2.3
400731,258854,6/22/2022,8:26:00 AM,TRADITIONAL BAGUETTE,2,1.25,2.5
402557,259374,6/24/2022,5:23:00 PM,PT NANTAIS,1,3.5,3.5
402558,259374,6/24/2022,5:23:00 PM,ECLAIR,1,2.1,2.1
402559,259374,6/24/2022,5:23:00 PM,COOKIE,2,1.1,2.2
407687,260811,7/1/2022,9:53:00 AM,BAGUETTE,1,1,1
407688,260811,7/1/2022,9:53:00 AM,BAGUETTE APERO,1,4.5,4.5
407746,260826,7/1/2022,10:22:00 AM,TRADITIONAL BAGUETTE,2,1.3,2.6
408004,260902,7/1/2022,12:08:00 PM,FORMULE SANDWICH,1,7,7
408311,260990,7/2/2022,8:26:00 AM,TRADITIONAL BAGUETTE,1,1.3,1.3
408367,261005,7/2/2022,8:52:00 AM,CROISSANT,1,1.2,1.2
408368,261005,7/2/2022,8:52:00 AM,CAFE OU EAU,2,1,2
408369,261005,7/2/2022,8:52:00 AM,PAIN AU CHOCOLAT,2,1.3,2.6
410184,261478,7/3/2022,11:27:00 AM,BAGUETTE,7,1,7
410206,261485,7/3/2022,11:31:00 AM,ROYAL 6P,1,21,21
410207,261485,7/3/2022,11:31:00 AM,TRADITIONAL BAGUETTE,4,1.3,5.2
410501,261565,7/3/2022,12:28:00 PM,TRADITIONAL BAGUETTE,1,1.3,1.3
410502,261565,7/3/2022,12:28:00 PM,BANETTE,1,1.15,1.15
411272,261784,7/4/2022,12:23:00 PM,SANDWICH COMPLET,1,5,5
411273,261784,7/4/2022,12:23:00 PM,BOISSON 33CL,1,1.5,1.5
411329,261799,7/4/2022,12:56:00 PM,PLAT 7.60E,3,7.6,22.8
411572,261874,7/5/2022,7:59:00 AM,BANETTE,1,1.15,1.15
411578,261876,7/5/2022,8:00:00 AM,TRADITIONAL BAGUETTE,1,1.3,1.3
411584,261878,7/5/2022,8:01:00 AM,TRADITIONAL BAGUETTE,1,1.3,1.3
411767,261927,7/5/2022,9:54:00 AM,COOKIE,2,1.1,2.2
411768,261927,7/5/2022,9:54:00 AM,TRADITIONAL BAGUETTE,4,1.3,5.2
411769,261927,7/5/2022,9:54:00 AM,PAIN AU CHOCOLAT,2,1.3,2.6
411957,261979,7/5/2022,11:03:00 AM,TRADITIONAL BAGUETTE,3,1.3,3.9
411977,261984,7/5/2022,11:12:00 AM,TRADITIONAL BAGUETTE,1,1.3,1.3
411978,261984,7/5/2022,11:12:00 AM,COUPE,1,0.15,0.15
411979,261984,7/5/2022,11:12:00 AM,BOULE 400G,1,1.7,1.7
412058,262007,7/5/2022,11:39:00 AM,SPECIAL BREAD,1,2.6,2.6
412325,262082,7/5/2022,5:09:00 PM,BOISSON 33CL,1,1.5,1.5
412326,262082,7/5/2022,5:09:00 PM,PLAT 7.00,1,7,7
412332,262084,7/5/2022,5:10:00 PM,DIVERS BOULANGERIE,1,14,14
413940,262537,7/7/2022,12:00:00 PM,FORMULE SANDWICH,2,7,14
413987,262551,7/7/2022,12:18:00 PM,COMPLET,1,1.9,1.9
413988,262551,7/7/2022,12:18:00 PM,COUPE,1,0.15,0.15
414555,262708,7/8/2022,10:04:00 AM,TRADITIONAL BAGUETTE,2,1.3,2.6
415625,263003,7/9/2022,10:00:00 AM,SPECIAL BREAD,1,2.6,2.6
415626,263003,7/9/2022,10:00:00 AM,BAGUETTE,2,1,2
416352,263205,7/10/2022,7:33:00 AM,CROISSANT,3,1.2,3.6
416353,263205,7/10/2022,7:33:00 AM,TRADITIONAL BAGUETTE,1,1.3,1.3
417803,263583,7/10/2022,12:29:00 PM,TRADITIONAL BAGUETTE,2,1.3,2.6
417956,263623,7/11/2022,8:10:00 AM,BANETTE,2,1.15,2.3
418974,263905,7/11/2022,4:34:00 PM,BOULE POLKA,1,1.8,1.8
418975,263905,7/11/2022,4:34:00 PM,COUPE,1,0.15,0.15
419481,264039,7/12/2022,9:45:00 AM,TRADITIONAL BAGUETTE,4,1.3,5.2
421196,264520,7/13/2022,12:19:00 PM,FORMULE SANDWICH,2,7,14
421197,264520,7/13/2022,12:19:00 PM,BOISSON 33CL,1,1.5,1.5
421430,264580,7/13/2022,6:29:00 PM,BAGUETTE,1,1,1
421638,264631,7/14/2022,8:22:00 AM,TRADITIONAL BAGUETTE,2,1.3,2.6
422019,264728,7/14/2022,9:34:00 AM,TRADITIONAL BAGUETTE,2,1.3,2.6
422459,264840,7/14/2022,10:40:00 AM,BAGUETTE,1,1,1
422460,264840,7/14/2022,10:40:00 AM,TARTELETTE,1,2.2,2.2
424335,265337,7/15/2022,11:58:00 AM,FORMULE SANDWICH,1,7,7
426707,265944,7/17/2022,9:12:00 AM,TARTE FRAISE 6P,1,21,21
427545,266157,7/17/2022,11:12:00 AM,CROISSANT,10,1.2,12
427546,266157,7/17/2022,11:12:00 AM,TRADITIONAL BAGUETTE,3,1.3,3.9
428084,266305,7/17/2022,1:01:00 PM,FLAN,2,2.2,4.4
428085,266305,7/17/2022,1:01:00 PM,KOUIGN AMANN,1,2.3,2.3
428086,266305,7/17/2022,1:01:00 PM,CROISSANT AMANDES,1,1.6,1.6
429655,266738,7/19/2022,8:49:00 AM,BRIOCHE,1,6,6
429656,266738,7/19/2022,8:49:00 AM,BANETTE,1,1.15,1.15
430473,266963,7/19/2022,4:33:00 PM,MACARON,3,1,3
430506,266974,7/19/2022,5:03:00 PM,TRADITIONAL BAGUETTE,5,1.3,6.5
430527,266980,7/19/2022,5:17:00 PM,SACHET DE CROUTON,1,1.6,1.6
430528,266980,7/19/2022,5:17:00 PM,TRADITIONAL BAGUETTE,2,1.3,2.6
430605,267002,7/19/2022,6:24:00 PM,GD KOUIGN AMANN,1,9,9
430745,267041,7/20/2022,8:23:00 AM,PAIN AU CHOCOLAT,2,1.3,2.6
430746,267041,7/20/2022,8:23:00 AM,CROISSANT,2,1.2,2.4
432857,267618,7/21/2022,5:01:00 PM,VIK BREAD,1,2.7,2.7
432858,267618,7/21/2022,5:01:00 PM,COUPE,1,0.15,0.15
433208,267710,7/22/2022,9:05:00 AM,TRADITIONAL BAGUETTE,1,1.3,1.3
433801,267869,7/22/2022,12:12:00 PM,TRADITIONAL BAGUETTE,2,1.3,2.6
434329,268014,7/23/2022,8:26:00 AM,CROISSANT,4,1.2,4.8
434330,268014,7/23/2022,8:26:00 AM,COUPE,1,0.15,0.15
434331,268014,7/23/2022,8:26:00 AM,PAIN AU CHOCOLAT,4,1.3,5.2
434332,268014,7/23/2022,8:26:00 AM,CAMPAGNE,1,2,2
434333,268014,7/23/2022,8:26:00 AM,PAIN AUX RAISINS,2,1.6,3.2
434334,268014,7/23/2022,8:26:00 AM,CEREAL BAGUETTE,1,1.35,1.35
437318,268804,7/25/2022,7:36:00 AM,TRADITIONAL BAGUETTE,1,1.3,1.3
437791,268927,7/25/2022,10:09:00 AM,BAGUETTE,2,1,2
438204,269039,7/25/2022,11:45:00 AM,BANETTE,2,1.15,2.3
438257,269052,7/25/2022,11:55:00 AM,SEIGLE,2,2,4
438258,269052,7/25/2022,11:55:00 AM,COUPE,2,0.15,0.3
438259,269052,7/25/2022,11:55:00 AM,TRADITIONAL BAGUETTE,2,1.3,2.6
438276,269056,7/25/2022,11:58:00 AM,TARTELETTE,1,2.2,2.2
438277,269056,7/25/2022,11:58:00 AM,BANETTE,1,1.15,1.15
438443,269104,7/25/2022,12:29:00 PM,TRADITIONAL BAGUETTE,1,1.3,1.3
438728,269188,7/25/2022,6:42:00 PM,TRADITIONAL BAGUETTE,2,1.3,2.6
440369,269641,7/27/2022,9:52:00 AM,GD FAR BRETON,1,7.5,7.5
440370,269641,7/27/2022,9:52:00 AM,GD KOUIGN AMANN,1,9,9
440950,269800,7/27/2022,12:42:00 PM,BANETTE,2,1.15,2.3
441052,269830,7/27/2022,4:32:00 PM,TRADITIONAL BAGUETTE,1,1.3,1.3
441298,269900,7/28/2022,8:21:00 AM,FORMULE SANDWICH,1,7,7
441361,269916,7/28/2022,8:37:00 AM,CROISSANT,2,1.2,2.4
441362,269916,7/28/2022,8:37:00 AM,PAIN AU CHOCOLAT,2,1.3,2.6
441363,269916,7/28/2022,8:37:00 AM,FORMULE SANDWICH,1,7,7
441364,269916,7/28/2022,8:37:00 AM,SAND JB EMMENTAL,1,4,4
441699,270006,7/28/2022,10:28:00 AM,TRADITIONAL BAGUETTE,2,1.3,2.6
441700,270006,7/28/2022,10:28:00 AM,BANETTINE,1,0.7,0.7
442103,270116,7/28/2022,11:56:00 AM,BOISSON 33CL,1,1.5,1.5
442104,270116,7/28/2022,11:56:00 AM,FORMULE SANDWICH,1,7,7
442249,270161,7/28/2022,12:26:00 PM,TRADITIONAL BAGUETTE,1,1.3,1.3
443339,270466,7/29/2022,11:56:00 AM,FORMULE SANDWICH,2,7,14
443349,270469,7/29/2022,11:58:00 AM,FORMULE SANDWICH,2,7,14
443795,270590,7/30/2022,8:05:00 AM,BOULE 200G,1,1.2,1.2
443796,270590,7/30/2022,8:05:00 AM,PAIN AU CHOCOLAT,2,1.3,2.6
443797,270590,7/30/2022,8:05:00 AM,COUPE,1,0.15,0.15
443798,270590,7/30/2022,8:05:00 AM,BAGUETTE,1,1,1
443799,270590,7/30/2022,8:05:00 AM,BRIOCHE,1,6,6
444531,270767,7/30/2022,10:34:00 AM,CROISSANT,1,1.2,1.2
444532,270767,7/30/2022,10:34:00 AM,TRADITIONAL BAGUETTE,2,1.3,2.6
446522,271282,7/31/2022,11:12:00 AM,BAGUETTE,3,1,3
447138,271452,8/1/2022,7:59:00 AM,BANETTE,1,1.15,1.15
447139,271452,8/1/2022,7:59:00 AM,BANETTINE,1,0.7,0.7
447880,271643,8/1/2022,11:01:00 AM,TRADITIONAL BAGUETTE,1,1.3,1.3
448199,271734,8/1/2022,12:03:00 PM,FORMULE SANDWICH,3,7,21
448291,271761,8/1/2022,12:25:00 PM,TRADITIONAL BAGUETTE,1,1.3,1.3
448441,271803,8/1/2022,4:37:00 PM,TRADITIONAL BAGUETTE,4,1.3,5.2
448557,271836,8/1/2022,6:02:00 PM,SABLE F  P,1,1.6,1.6
449980,272214,8/3/2022,7:40:00 AM,FORMULE SANDWICH,1,7,7
449981,272214,8/3/2022,7:40:00 AM,CROISSANT,1,1.2,1.2
451111,272525,8/3/2022,4:19:00 PM,TRADITIONAL BAGUETTE,2,1.3,2.6
451223,272557,8/3/2022,5:52:00 PM,TRADITIONAL BAGUETTE,2,1.3,2.6
452139,272804,8/4/2022,11:39:00 AM,TRADITIONAL BAGUETTE,4,1.3,5.2
453218,273097,8/5/2022,10:10:00 AM,TRADITIONAL BAGUETTE,3,1.3,3.9
454841,273536,8/6/2022,11:03:00 AM,FORMULE SANDWICH,2,7,14
456394,273933,8/7/2022,9:56:00 AM,TRADITIONAL BAGUETTE,2,1.3,2.6
457152,274149,8/7/2022,12:03:00 PM,PT NANTAIS,1,3.5,3.5
457153,274149,8/7/2022,12:03:00 PM,COOKIE,1,1.15,1.15
457154,274149,8/7/2022,12:03:00 PM,TRADITIONAL BAGUETTE,1,1.3,1.3
458147,274403,8/8/2022,10:29:00 AM,SPECIAL BREAD,1,2.6,2.6
458148,274403,8/8/2022,10:29:00 AM,PAIN,1,1.3,1.3
458149,274403,8/8/2022,10:29:00 AM,COUPE,1,0.15,0.15
459176,274696,8/8/2022,6:48:00 PM,BOULE POLKA,1,1.8,1.8
461801,275408,8/10/2022,12:06:00 PM,TRADITIONAL BAGUETTE,3,1.3,3.9
465705,276442,8/13/2022,9:19:00 AM,PAIN AU CHOCOLAT,1,1.3,1.3
465706,276442,8/13/2022,9:19:00 AM,CROISSANT,6,1.2,7.2
465707,276442,8/13/2022,9:19:00 AM,TRADITIONAL BAGUETTE,2,1.3,2.6
476191,279259,8/19/2022,12:26:00 PM,BAGUETTE,3,1,3
476368,279309,8/19/2022,4:13:00 PM,COUPE,1,0.15,0.15
476369,279309,8/19/2022,4:13:00 PM,VIK BREAD,1,2.7,2.7
476370,279309,8/19/2022,4:13:00 PM,PAIN CHOCO AMANDES,2,1.7,3.4
480775,280472,8/22/2022,11:39:00 AM,TRADITIONAL BAGUETTE,1,1.3,1.3
480781,280474,8/22/2022,11:39:00 AM,TRADITIONAL BAGUETTE,1,1.3,1.3
480793,280478,8/22/2022,11:39:00 AM,BANETTE,1,1.15,1.15
481899,280780,8/23/2022,10:54:00 AM,FORMULE SANDWICH,3,7,21
482199,280868,8/23/2022,12:12:00 PM,TRADITIONAL BAGUETTE,2,1.3,2.6
486020,281924,8/27/2022,8:59:00 AM,BANETTE,1,1.15,1.15
488841,282677,8/29/2022,11:10:00 AM,TULIPE,1,3.5,3.5
488910,282697,8/29/2022,11:29:00 AM,TRADITIONAL BAGUETTE,2,1.3,2.6
488911,282697,8/29/2022,11:29:00 AM,MOISSON,2,2.2,4.4
489286,282809,8/29/2022,6:21:00 PM,COUPE,1,0.15,0.15
489287,282809,8/29/2022,6:21:00 PM,PLAT 7.60E,3,7.6,22.8
489288,282809,8/29/2022,6:21:00 PM,SPECIAL BREAD KG,1,5.2,5.2
489402,282839,8/30/2022,8:18:00 AM,CAFE OU EAU,1,1,1
489940,282988,8/30/2022,12:05:00 PM,FORMULE SANDWICH,1,7,7
490101,283036,8/30/2022,4:18:00 PM,TRADITIONAL BAGUETTE,3,1.3,3.9
494043,284127,9/5/2022,12:30:00 PM,TRADITIONAL BAGUETTE,1,1.3,1.3
494163,284160,9/5/2022,5:40:00 PM,BANETTINE,1,0.7,0.7
494378,284218,9/6/2022,9:51:00 AM,BAGUETTE,1,1,1
494379,284218,9/6/2022,9:51:00 AM,CEREAL BAGUETTE,1,1.35,1.35
494676,284301,9/6/2022,12:06:00 PM,BANETTE,1,1.15,1.15
494783,284334,9/6/2022,4:16:00 PM,TARTELETTE,1,2.2,2.2
494784,284334,9/6/2022,4:16:00 PM,CAMPAGNE,1,2,2
494785,284334,9/6/2022,4:16:00 PM,COUPE,1,0.15,0.15
494786,284334,9/6/2022,4:16:00 PM,PARIS BREST,1,2.2,2.2
498981,285470,9/12/2022,10:49:00 AM,BANETTE,2,1.15,2.3
499831,285716,9/13/2022,12:38:00 PM,TRADITIONAL BAGUETTE,2,1.3,2.6
499832,285716,9/13/2022,12:38:00 PM,FORMULE SANDWICH,1,7,7
503870,286810,9/20/2022,9:46:00 AM,TRADITIONAL BAGUETTE,2,1.3,2.6
508015,287953,9/26/2022,10:04:00 AM,TRADITIONAL BAGUETTE,1,1.3,1.3
508016,287953,9/26/2022,10:04:00 AM,DEMI BAGUETTE,1,0.5,0.5
509240,288312,9/27/2022,6:03:00 PM,GD FAR BRETON,1,7.5,7.5
509241,288312,9/27/2022,6:03:00 PM,BRIOCHE,1,6,6
509242,288312,9/27/2022,6:03:00 PM,BOULE 400G,2,1.7,3.4
509243,288312,9/27/2022,6:03:00 PM,COUPE,2,0.15,0.3
509244,288312,9/27/2022,6:03:00 PM,TRADITIONAL BAGUETTE,1,1.3,1.3
509245,288312,9/27/2022,6:03:00 PM,CEREAL BAGUETTE,3,1.35,4.05
510396,288639,9/29/2022,11:55:00 AM,BOISSON 33CL,1,1.5,1.5
510397,288639,9/29/2022,11:55:00 AM,PLAT 7.60E,1,7.6,7.6
